name,site,orient,seq
16S-A1-F.SNAP,A1-F,F,GAGTTTGATCMTGGCTCAG
16S-A1-R.1,A1-R,R,GTTACCYCACCAACWARCT
16S-A1-R.2,A1-R,R,GTTACCCCRCCAACTABCT
16S-A1-R.3,A1-R,R,CCGTTACCYTACCAACTARYT
16S-A1-R.4,A1-R,R,CCATTACCCYACCAACTARYT
16S-A1-R.7s,A1-R,R,GTTACCCCGCCRWCWAGCT
16S-A1-R.8s,A1-R,R,GTTACCCCGCCWRCTRCCT
16S-A1-R.9s,A1-R,R,GTCACCCCGCCAWCAAGCT
16S-A2-F.1,A2-F,F,CCAKACWCCTACGGGAGGC
16S-A2-F.2,A2-F,F,CCCSACTCCTACGGGAGRC
16S-A2-R.1,A2-R,R,GCTGGCACGKARTTAGCCR
16S-A2-R.2,A2-R,R,GCTGGCACGAASTTAGYCS
16S-A2-R.3,A2-R,R,TGCTGGCACAKAGTTCGYYG
16S-A3-F.1,A3-F,F,CCAGCAGCCGCGGTAABWC
16S-A3-F.2,A3-F,F,CCAGCAGCCGCGGTAAAAC
16S-A3-R.1,A3-R,R,TCTAATCCYGTTYGCTMCC
16S-A4-F.1,A4-F,F,GATTAGAKACCCYGGTAGTCY
16S-A4-R.1,A4-R,R,CGCGTWGCATCGAATTAADC
16S-A4-R.2,A4-R,R,CGCGTWKCKTCGAATTAAAC
16S-A4-R.4s,A4-R,R,CGTGTATYRTCGAATTAARC
16S-A4-R.5s,A4-R,R,CGCGTABCTTCRAATTAAAC
16S-A5-F.1,A5-F,F,MWACGCGARGAACCTTACC
16S-A5-F.3,A5-F,F,RTACMCGAARAACCTTACC
16S-A5-R.1,A5-R,R,GGSCATGMTGAYTTGACGT
16S-A5-R.2,A5-R,R,GGCCATRCTGACTWGACRT
16S-A6-F.1,A6-F,F,GGGCTRCACACRTGCTACAA
16S-A6-F.2,A6-F,F,GGCKACACACGTGMTACAA
16S-A6-F.3,A6-F,F,GGCTWCACGCCTGCTACAW
16S-A6-F.4s,A6-F,F,TGGGCYWCACACGTACTACAA
16S-A6-F.5s,A6-F,F,GGGCTTCACACGTCATACAA
16S-A6-R.1,A6-R,R,ACCTTGTTACGACTTCRYCCY
16S-A6-R.3,A6-R,R,ACCTTGTTACGACTTMACHCC
16S-A1-F.6s,A1-F,F,GGGTTYGATTCTGGCTCAG
