name,Tm,SILVA,GG,nexp,loci2,loci2_per_exp,loci3,rCRS
A2R_505_L17_k1_f8,[58.5],0.951,0.937,6,227,37.8,1468,0
A2R_505_L18_k1_f8,[62.0],0.95,0.937,6,67,11.2,498,0
A2R_505_L19_k1_f8,[63.8],0.95,0.937,6,17,2.8,195,0
A2R_508_L18_k1_f8,[63.1],0.942,0.937,6,28,4.7,210,0
A2R_505_L18_k2_f4,"[63.0, 59.0]",0.954,0.964,7,80,11.4,477,0
A2R_508_L17_k2_f4,"[58.9, 58.4]",0.957,0.97,7,83,11.9,567,0
A2R_509_L17_k2_f4,"[61.8, 62.2]",0.963,0.963,8,232,29.0,1958,0
A2R_509_L18_k2_f4,"[64.5, 63.0]",0.958,0.946,8,65,8.1,365,0
A2R_510_L17_k2_f4,"[64.0, 64.3]",0.962,0.946,8,266,33.2,2380,0
A2R_旧512_L16,[63.5],0.976,0.985,6,1385,230.8,10208,1
A2R_旧512_延长+2,[69.6],0.974,0.983,6,121,20.2,950,1
