f1,f2,Tm1,Tm2,nexp,SILVA,GG,severe,worst,cov
GCTAYACRCRTGCTACAAT,GCTACACACGTVMTACAAT,57.9,56.6,14,0.866,0.914,0,0.0,0.89
GCTAYACRCRTGCTACAAT,GCTACACACGTNMTACAAT,57.9,56.2,16,0.866,0.914,0,0.0,0.89
GCTACACRCRTGCTACAAT,GCTACASACGTVMTACAAT,59.4,56.3,16,0.865,0.914,0,0.0,0.8895
GCTACACRCRTGCTACAAT,GCTACACWCGTVMTACAAT,59.4,56.3,16,0.865,0.914,0,0.0,0.8895
GCTACACRCRTGCTACAAT,GCTASACACGTVMTACAAT,59.4,56.3,16,0.867,0.92,0,0.0,0.8935
GCTACACRCRTGCTACAAT,GCTACACACGTVMTACAAT,59.4,56.6,10,0.865,0.914,0,0.0,0.8895
GCTACACRCRTGCTACAAT,GCTACACACGTVMTWCAAT,59.4,56.9,16,0.866,0.914,0,0.0,0.89
GCTACACRCRTGCTACAAT,GCTMCACACGTVMTACAAT,59.4,57.9,16,0.866,0.914,0,0.0,0.89
GCTACACRCRTGCTACAAT,GCTACACACGTVMTACAAK,59.4,57.0,16,0.865,0.914,0,0.0,0.8895
GCTACACRCRTGCTACAAT,GCTACACACGWVMTACAAT,59.4,56.6,16,0.865,0.914,0,0.0,0.8895
GCTACACRCRTGCTACAAT,GCTACACMCGTVMTACAAT,59.4,57.6,16,0.865,0.914,0,0.0,0.8895
GCTACACRCRTGCTACAAT,GCTACACACGTVMTAMAAT,59.4,55.7,16,0.866,0.914,0,0.0,0.89
GCTACACRCRTGCTACAAT,GCTACACACGTVMTACAAW,59.4,56.8,16,0.866,0.914,0,0.0,0.89
GCTACACRCRTGCTACAAT,GCTACACRCGTVMTACAAT,59.4,58.1,16,0.866,0.914,0,0.0,0.89
GCTACACRCRTGCTACAAT,GYTACACACGTVMTACAAT,59.4,55.5,16,0.867,0.914,0,0.0,0.8905000000000001
GCTACACRCRTGCTACAAT,GCTACACACKTVMTACAAT,59.4,55.3,16,0.865,0.914,0,0.0,0.8895
GCTACACRCRTGCTACAAT,GCTACACACGTVHTACAAT,59.4,56.3,13,0.882,0.924,0,0.0,0.903
GCTACACRCRTGCTACAAT,GCTACACACGTVMWACAAT,59.4,57.2,16,0.867,0.914,0,0.0,0.8905000000000001
GCTACACRCRTGCTACAAT,GCTAYACACGTVMTACAAT,59.4,55.1,16,0.865,0.914,0,0.0,0.8895
GCTACACRCRTGCTACAAT,GCTACAYACGTVMTACAAT,59.4,55.1,16,0.868,0.916,0,0.0,0.892
GCTACACRCRTGCTACAAT,GCTACACAYGTVMTACAAT,59.4,55.3,16,0.867,0.914,0,0.0,0.8905000000000001
GCTACACRCRTGCTACAAT,KCTACACACGTVMTACAAT,59.4,55.7,16,0.865,0.914,0,0.0,0.8895
GCTACACRCRTGCTACAAT,RCTACACACGTVMTACAAT,59.4,55.9,16,0.866,0.914,0,0.0,0.89
GCTACACRCRTGCTACAAT,GCKACACACGTVMTACAAT,59.4,58.2,16,0.885,0.921,0,0.0,0.903
GCTACACRCRTGCTACAAT,GCTACACACGTVMTAYAAT,59.4,55.1,16,0.866,0.914,0,0.0,0.89
GCTACACRCRTGCTACAAT,GCTACACACGTVMYACAAT,59.4,58.2,16,0.866,0.914,0,0.0,0.89
GCTACACRCRTGCTACAAT,GMTACACACGTVMTACAAT,59.4,55.2,16,0.866,0.914,0,0.0,0.89
GCTACACRCRTGCTACAAT,GCTACACACGTVMTMCAAT,59.4,57.9,16,0.865,0.914,0,0.0,0.8895
GCTACACRCRTGCTACAAT,GSTACACACGTVMTACAAT,59.4,56.4,16,0.866,0.915,0,0.0,0.8905000000000001
GCTACACRCRTGCTACAAT,GCTAMACACGTVMTACAAT,59.4,55.7,16,0.865,0.914,0,0.0,0.8895
GCTACACRCRTGCTACAAT,GCTACACAMGTVMTACAAT,59.4,55.3,16,0.865,0.914,0,0.0,0.8895
GCTACACRCRTGCTACAAT,GCTACACACGYVMTACAAT,59.4,58.2,16,0.867,0.916,0,0.0,0.8915
GCTACACRCRTGCTACAAT,GCTACACACGTVMTACAWT,59.4,56.6,16,0.876,0.914,0,0.0,0.895
GCTACACRCRTGCTACAAT,GCTACACACGTNMTACAAT,59.4,56.2,12,0.866,0.914,0,0.0,0.89
GCTACACRCRTGCTACAAT,GCTACACACGTVMKACAAT,59.4,58.1,16,0.865,0.914,0,0.0,0.8895
GCTACACRCRTGCTACAAT,GCTACACACGTVMTACAMT,59.4,57.6,16,0.866,0.914,0,0.0,0.89
GCTACACRCRTGCTACAAT,GCTACACACGTVMTASAAT,59.4,56.3,16,0.865,0.914,0,0.0,0.8895
GCTACACRCRTGCTACAAT,GCTACACACGTVMTACAAY,59.4,57.1,16,0.866,0.914,0,0.0,0.89
GCTACACRCRTGCTACAAT,GCTACMCACGTVMTACAAT,59.4,57.6,16,0.865,0.914,0,0.0,0.8895
GCTACACRCRTGCTACAAT,GCYACACACGTVMTACAAT,59.4,58.2,16,0.875,0.917,0,0.0,0.896
GCTACACRCRTGCTACAAT,GCTACAMACGTVMTACAAT,59.4,55.7,16,0.873,0.933,0,0.0,0.903
GCTACACRCRTGCTACAAT,GCTACACACSTVMTACAAT,59.4,56.3,16,0.865,0.914,0,0.0,0.8895
GCTACACRCRTGCTACAAT,GCTACACASGTVMTACAAT,59.4,56.3,16,0.865,0.914,0,0.0,0.8895
GCTACACRCRTGCTACAAT,GCTRCACACGTVMTACAAT,59.4,58.4,16,0.876,0.936,0,0.0,0.906
GCTACACRCRTGCTACAAT,GCWACACACGTVMTACAAT,59.4,57.2,16,0.867,0.914,0,0.0,0.8905000000000001
GCTACACRCRTGCTACAAT,GCTACACACGKVMTACAAT,59.4,57.9,16,0.865,0.914,0,0.0,0.8895
GCTACACRCRTGCTACAAT,GCTACRCACGTVMTACAAT,59.4,58.1,16,0.866,0.917,0,0.0,0.8915
GCTACACRCRTGCTACAAT,GCTACACACGTVMTRCAAT,59.4,58.4,16,0.865,0.914,0,0.0,0.8895
GCTACACRCRTGCTACAAT,GCTACACACGTVMTACMAT,59.4,57.6,16,0.865,0.914,0,0.0,0.8895
GCTACACRCRTGCTACAAT,GCTACACACGTVMTACART,59.4,57.6,16,0.867,0.916,0,0.0,0.8915
GCTACACRCRTGCTACAAT,SCTACACACGTVMTACAAT,59.4,56.3,16,0.865,0.914,0,0.0,0.8895
GCTACACRCRTGCTACAAT,GCTWCACACGTVMTACAAT,59.4,56.9,16,0.872,0.915,0,0.0,0.8935
GCTACACRCRTGCTACAAT,GCTACACACGTVMTACWAT,59.4,56.0,16,0.865,0.914,0,0.0,0.8895
GCTACACRCRTGCTACAAT,GCTACACACGTVMTACRAT,59.4,57.7,16,0.868,0.921,0,0.0,0.8945000000000001
GCTACACRCRTGCTACAAT,GCTACACACRTVMTACAAT,59.4,55.3,16,0.867,0.914,0,0.0,0.8905000000000001
GCTACACRCRTGCTACAAT,GCTACWCACGTVMTACAAT,59.4,56.3,16,0.866,0.914,0,0.0,0.89
GCTACACRCRTGCTACAAT,GCTACACACGTVVTACAAT,59.4,57.0,13,0.868,0.915,0,0.0,0.8915
GCTACACRCRTSCTACAAT,GCTACACACGTVMTACAAT,59.0,56.6,14,0.865,0.914,0,0.0,0.8895
GCTACACRCRTSCTACAAT,GCTACACACGTNMTACAAT,59.0,56.2,16,0.866,0.914,0,0.0,0.89
RCTACACRCRTGCTACAAT,GCTACACACGTVMTACAAT,58.7,56.6,14,0.866,0.914,0,0.0,0.89
RCTACACRCRTGCTACAAT,GCTACACACGTNMTACAAT,58.7,56.2,16,0.866,0.914,0,0.0,0.89
GSTACACRCRTGCTACAAT,GCTACACACGTVMTACAAT,59.3,56.6,14,0.866,0.915,0,0.0,0.8905000000000001
GSTACACRCRTGCTACAAT,GCTACACACGTNMTACAAT,59.3,56.2,16,0.866,0.915,0,0.0,0.8905000000000001
GCTACACRCRYGCTACAAT,GCTACACACGTVMTACAAT,60.8,56.6,14,0.892,0.936,0,0.0,0.914
GCTACACRCRYGCTACAAT,GCTACACACGTNMTACAAT,60.8,56.2,16,0.892,0.936,0,0.0,0.914
GCTMCACRCRTGCTACAAT,GCTACACACGTVMTACAAT,60.7,56.6,14,0.866,0.914,0,0.0,0.89
GCTMCACRCRTGCTACAAT,GCTACACACGTNMTACAAT,60.7,56.2,16,0.866,0.914,0,0.0,0.89
GCTRCACRCRTGCTACAAT,GCTACACACGTVMTACAAT,61.2,56.6,14,0.883,0.937,1,-9.0,0.91
GCTRCACRCRTGCTACAAT,GCTACACACGTNMTACAAT,61.2,56.2,16,0.884,0.937,1,-9.0,0.9105000000000001
GCTACACRSRTGCTACAAT,GCTACACACGTVMTACAAT,59.0,56.6,14,0.865,0.914,0,0.0,0.8895
GCTACACRSRTGCTACAAT,GCTACACACGTNMTACAAT,59.0,56.2,16,0.866,0.914,0,0.0,0.89
GCTACACRCRWGCTACAAT,GCTACACACGTVMTACAAT,59.3,56.6,14,0.865,0.914,0,0.0,0.8895
GCTACACRCRWGCTACAAT,GCTACACACGTNMTACAAT,59.3,56.2,16,0.866,0.914,0,0.0,0.89
GCTACACRCRTGCWACAAT,GCTACACACGTVMTACAAT,60.0,56.6,14,0.867,0.914,0,0.0,0.8905000000000001
GCTACACRCRTGCWACAAT,GCTACACACGTNMTACAAT,60.0,56.2,16,0.868,0.914,0,0.0,0.891
GCTACACRCRTGCYACAAT,GCTACACACGTVMTACAAT,61.0,56.6,14,0.866,0.915,0,0.0,0.8905000000000001
GCTACACRCRTGCYACAAT,GCTACACACGTNMTACAAT,61.0,56.2,16,0.866,0.915,0,0.0,0.8905000000000001
GCTACRCRCRTGCTACAAT,GCTACACACGTVMTACAAT,60.9,56.6,14,0.866,0.915,0,0.0,0.8905000000000001
GCTACRCRCRTGCTACAAT,GCTACACACGTNMTACAAT,60.9,56.2,16,0.866,0.915,0,0.0,0.8905000000000001
GMTACACRCRTGCTACAAT,GCTACACACGTVMTACAAT,58.0,56.6,14,0.866,0.914,0,0.0,0.89
GMTACACRCRTGCTACAAT,GCTACACACGTNMTACAAT,58.0,56.2,16,0.866,0.914,0,0.0,0.89
GCTACAYRCRTGCTACAAT,GCTACACACGTVMTACAAT,58.0,56.6,14,0.868,0.916,0,0.0,0.892
GCTACAYRCRTGCTACAAT,GCTACACACGTNMTACAAT,58.0,56.2,16,0.868,0.916,0,0.0,0.892
GCTACACRCRTGCTWCAAT,GCTACACACGTVMTACAAT,59.7,56.6,14,0.866,0.914,0,0.0,0.89
GCTACACRCRTGCTWCAAT,GCTACACACGTNMTACAAT,59.7,56.2,16,0.866,0.914,0,0.0,0.89
GCTACMCRCRTGCTACAAT,GCTACACACGTVMTACAAT,60.4,56.6,14,0.865,0.914,0,0.0,0.8895
GCTACMCRCRTGCTACAAT,GCTACACACGTNMTACAAT,60.4,56.2,16,0.866,0.914,0,0.0,0.89
GCTACACRCRTGYTACAAT,GCTACACACGTVMTACAAT,58.3,56.6,14,0.882,0.924,0,0.0,0.903
GCTACACRCRTGYTACAAT,GCTACACACGTNMTACAAT,58.3,56.2,16,0.882,0.924,0,0.0,0.903
GCTACACRCRTGCTRCAAT,GCTACACACGTVMTACAAT,61.2,56.6,14,0.866,0.914,0,0.0,0.89
GCTACACRCRTGCTRCAAT,GCTACACACGTNMTACAAT,61.2,56.2,16,0.866,0.914,0,0.0,0.89
GCTACACRCRTGCTASAAT,GCTACACACGTVMTACAAT,59.1,56.6,14,0.865,0.914,0,0.0,0.8895
GCTACACRCRTGCTASAAT,GCTACACACGTNMTACAAT,59.1,56.2,16,0.866,0.914,0,0.0,0.89
GYTACACRCRTGCTACAAT,GCTACACACGTVMTACAAT,58.3,56.6,14,0.868,0.914,0,0.0,0.891
GYTACACRCRTGCTACAAT,GCTACACACGTNMTACAAT,58.3,56.2,16,0.868,0.914,0,0.0,0.891
GCTACACRCDTGCTACAAT,GCTACACACGTVMTACAAT,59.0,56.6,12,0.865,0.914,0,0.0,0.8895
GCTACACRCDTGCTACAAT,GCTACACACGTVHTACAAT,59.0,56.3,15,0.882,0.924,0,0.0,0.903
GCTACACRCDTGCTACAAT,GCTACACACGTNMTACAAT,59.0,56.2,14,0.866,0.914,0,0.0,0.89
GCTACACRCDTGCTACAAT,GCTACACACGTVVTACAAT,59.0,57.0,15,0.868,0.915,0,0.0,0.8915
GCTACACRCRTKCTACAAT,GCTACACACGTVMTACAAT,58.0,56.6,14,0.866,0.914,0,0.0,0.89
GCTACACRCRTKCTACAAT,GCTACACACGTNMTACAAT,58.0,56.2,16,0.866,0.914,0,0.0,0.89
GCTACACRCRTGCTACAAW,GCTACACACGTVMTACAAT,59.6,56.6,14,0.866,0.914,0,0.0,0.89
GCTACACRCRTGCTACAAW,GCTACACACGTNMTACAAT,59.6,56.2,16,0.866,0.914,0,0.0,0.89
GCTACACVCRTGCTACAAT,GCTACACACGTVMTACAAT,59.6,56.6,12,0.868,0.914,0,0.0,0.891
GCTACACVCRTGCTACAAT,GCTACACACGTVHTACAAT,59.6,56.3,15,0.885,0.924,0,0.0,0.9045000000000001
GCTACACVCRTGCTACAAT,GCTACACACGTNMTACAAT,59.6,56.2,14,0.869,0.914,0,0.0,0.8915
GCTACACVCRTGCTACAAT,GCTACACACGTVVTACAAT,59.6,57.0,15,0.871,0.915,0,0.0,0.893
GCTACACRCRKGCTACAAT,GCTACACACGTVMTACAAT,60.4,56.6,14,0.865,0.914,0,0.0,0.8895
GCTACACRCRKGCTACAAT,GCTACACACGTNMTACAAT,60.4,56.2,16,0.866,0.914,0,0.0,0.89
GCTACACRCRTGCTAMAAT,GCTACACACGTVMTACAAT,58.5,56.6,14,0.866,0.914,0,0.0,0.89
GCTACACRCRTGCTAMAAT,GCTACACACGTNMTACAAT,58.5,56.2,16,0.866,0.914,0,0.0,0.89
GCTACACRCRTGCTACAAY,GCTACACACGTVMTACAAT,59.9,56.6,14,0.866,0.914,0,0.0,0.89
GCTACACRCRTGCTACAAY,GCTACACACGTNMTACAAT,59.9,56.2,16,0.866,0.914,0,0.0,0.89
GCTACACRCRTGCTACAAK,GCTACACACGTVMTACAAT,59.8,56.6,14,0.865,0.914,0,0.0,0.8895
GCTACACRCRTGCTACAAK,GCTACACACGTNMTACAAT,59.8,56.2,16,0.866,0.914,0,0.0,0.89
KCTACACRCRTGCTACAAT,GCTACACACGTVMTACAAT,58.6,56.6,14,0.865,0.914,0,0.0,0.8895
KCTACACRCRTGCTACAAT,GCTACACACGTNMTACAAT,58.6,56.2,16,0.866,0.914,0,0.0,0.89
GCTASACRCRTGCTACAAT,GCTACACACGTVMTACAAT,59.1,56.6,14,0.867,0.919,0,0.0,0.893
GCTASACRCRTGCTACAAT,GCTACACACGTNMTACAAT,59.1,56.2,16,0.867,0.919,0,0.0,0.893
GCTACACRCRTGCTMCAAT,GCTACACACGTVMTACAAT,60.7,56.6,14,0.865,0.915,0,0.0,0.89
GCTACACRCRTGCTMCAAT,GCTACACACGTNMTACAAT,60.7,56.2,16,0.866,0.915,0,0.0,0.8905000000000001
GCTACACRCRTGCTACRAT,GCTACACACGTVMTACAAT,60.4,56.6,14,0.868,0.92,0,0.0,0.894
GCTACACRCRTGCTACRAT,GCTACACACGTNMTACAAT,60.4,56.2,16,0.868,0.92,0,0.0,0.894
GCTACACRMRTGCTACAAT,GCTACACACGTVMTACAAT,58.1,56.6,14,0.865,0.914,0,0.0,0.8895
GCTACACRMRTGCTACAAT,GCTACACACGTNMTACAAT,58.1,56.2,16,0.866,0.914,0,0.0,0.89
GCTACACRCRTGSTACAAT,GCTACACACGTVMTACAAT,59.3,56.6,14,0.868,0.915,0,0.0,0.8915
GCTACACRCRTGSTACAAT,GCTACACACGTNMTACAAT,59.3,56.2,16,0.868,0.915,0,0.0,0.8915
GCTACAMRCRTGCTACAAT,GCTACACACGTVMTACAAT,58.3,56.6,14,0.883,0.936,0,0.0,0.9095
GCTACAMRCRTGCTACAAT,GCTACACACGTNMTACAAT,58.3,56.2,16,0.883,0.936,0,0.0,0.9095
GCTACACRCRTGCTACAWT,GCTACACACGTVMTACAAT,59.4,56.6,14,0.876,0.917,0,0.0,0.8965000000000001
GCTACACRCRTGCTACAWT,GCTACACACGTNMTACAAT,59.4,56.2,16,0.877,0.917,0,0.0,0.897
GCTACASRCRTGCTACAAT,GCTACACACGTVMTACAAT,59.1,56.6,14,0.874,0.914,0,0.0,0.894
GCTACASRCRTGCTACAAT,GCTACACACGTNMTACAAT,59.1,56.2,16,0.875,0.914,0,0.0,0.8945000000000001
GCTWCACRCRTGCTACAAT,GCTACACACGTVMTACAAT,59.7,56.6,14,0.873,0.917,0,0.0,0.895
GCTWCACRCRTGCTACAAT,GCTACACACGTNMTACAAT,59.7,56.2,16,0.873,0.917,0,0.0,0.895
GCTACACRCRTGCTAYAAT,GCTACACACGTVMTACAAT,57.9,56.6,14,0.871,0.914,0,0.0,0.8925000000000001
GCTACACRCRTGCTAYAAT,GCTACACACGTNMTACAAT,57.9,56.2,16,0.872,0.914,0,0.0,0.893
GCTACACDCRTGCTACAAT,GCTACACACGTVMTACAAT,58.7,56.6,12,0.865,0.914,0,0.0,0.8895
GCTACACDCRTGCTACAAT,GCTACACACGTVHTACAAT,58.7,56.3,15,0.882,0.924,0,0.0,0.903
GCTACACDCRTGCTACAAT,GCTACACACGTNMTACAAT,58.7,56.2,14,0.866,0.914,0,0.0,0.89
GCTACACDCRTGCTACAAT,GCTACACACGTVVTACAAT,58.7,57.0,15,0.868,0.915,0,0.0,0.8915
GCTACACRYRTGCTACAAT,GCTACACACGTVMTACAAT,57.9,56.6,14,0.867,0.914,0,0.0,0.8905000000000001
GCTACACRYRTGCTACAAT,GCTACACACGTNMTACAAT,57.9,56.2,16,0.867,0.914,0,0.0,0.8905000000000001
GCYACACRCRTGCTACAAT,GCTACACACGTVMTACAAT,61.0,56.6,14,0.873,0.916,0,0.0,0.8945000000000001
GCYACACRCRTGCTACAAT,GCTACACACGTNMTACAAT,61.0,56.2,16,0.873,0.916,0,0.0,0.8945000000000001
GCTACACRCVTGCTACAAT,GCTACACACGTVMTACAAT,59.6,56.6,12,0.865,0.914,0,0.0,0.8895
GCTACACRCVTGCTACAAT,GCTACACACGTVHTACAAT,59.6,56.3,15,0.882,0.924,0,0.0,0.903
GCTACACRCVTGCTACAAT,GCTACACACGTNMTACAAT,59.6,56.2,14,0.866,0.914,0,0.0,0.89
GCTACACRCVTGCTACAAT,GCTACACACGTVVTACAAT,59.6,57.0,15,0.868,0.915,0,0.0,0.8915
GCWACACRCRTGCTACAAT,GCTACACACGTVMTACAAT,60.0,56.6,14,0.871,0.914,0,0.0,0.8925000000000001
GCWACACRCRTGCTACAAT,GCTACACACGTNMTACAAT,60.0,56.2,16,0.872,0.914,0,0.0,0.893
GCTAMACRCRTGCTACAAT,GCTACACACGTVMTACAAT,58.5,56.6,14,0.865,0.914,0,0.0,0.8895
GCTAMACRCRTGCTACAAT,GCTACACACGTNMTACAAT,58.5,56.2,16,0.866,0.914,0,0.0,0.89
GCKACACRCRTGCTACAAT,GCTACACACGTVMTACAAT,61.0,56.6,14,0.902,0.941,0,0.0,0.9215
GCKACACRCRTGCTACAAT,GCTACACACGTNMTACAAT,61.0,56.2,16,0.903,0.941,0,0.0,0.9219999999999999
GCTACACRCRTGCTACMAT,GCTACACACGTVMTACAAT,60.4,56.6,14,0.865,0.914,0,0.0,0.8895
GCTACACRCRTGCTACMAT,GCTACACACGTNMTACAAT,60.4,56.2,16,0.866,0.914,0,0.0,0.89
GCTACWCRCRTGCTACAAT,GCTACACACGTVMTACAAT,59.1,56.6,14,0.866,0.914,0,0.0,0.89
GCTACWCRCRTGCTACAAT,GCTACACACGTNMTACAAT,59.1,56.2,16,0.866,0.914,0,0.0,0.89
GCTACACRCRTGCKACAAT,GCTACACACGTVMTACAAT,61.0,56.6,14,0.865,0.914,0,0.0,0.8895
GCTACACRCRTGCKACAAT,GCTACACACGTNMTACAAT,61.0,56.2,16,0.866,0.914,0,0.0,0.89
GCTACACRCRTGCTACAMT,GCTACACACGTVMTACAAT,60.4,56.6,14,0.866,0.914,0,0.0,0.89
GCTACACRCRTGCTACAMT,GCTACACACGTNMTACAAT,60.4,56.2,16,0.866,0.914,0,0.0,0.89
GCTACACRCRTGCTACART,GCTACACACGTVMTACAAT,60.4,56.6,14,0.866,0.916,0,0.0,0.891
GCTACACRCRTGCTACART,GCTACACACGTNMTACAAT,60.4,56.2,16,0.867,0.916,0,0.0,0.8915
GCTACACRCRTGCTACWAT,GCTACACACGTVMTACAAT,58.8,56.6,14,0.865,0.914,0,0.0,0.8895
GCTACACRCRTGCTACWAT,GCTACACACGTNMTACAAT,58.8,56.2,16,0.866,0.914,0,0.0,0.89
GCTACACRCRTGMTACAAT,GCTACACACGTVMTACAAT,58.0,56.6,14,0.866,0.914,0,0.0,0.89
GCTACACRCRTGMTACAAT,GCTACACACGTNMTACAAT,58.0,56.2,16,0.866,0.914,0,0.0,0.89
SCTACACRCRTGCTACAAT,GCTACACACGTVMTACAAT,59.1,56.6,14,0.865,0.914,0,0.0,0.8895
SCTACACRCRTGCTACAAT,GCTACACACGTNMTACAAT,59.1,56.2,16,0.866,0.914,0,0.0,0.89
GCTACACRCRTRCTACAAT,GCTACACACGTVMTACAAT,57.7,56.6,14,0.866,0.914,0,0.0,0.89
GCTACACRCRTRCTACAAT,GCTACACACGTNMTACAAT,57.7,56.2,16,0.866,0.914,0,0.0,0.89
