n_blocks,bases,acc,removed
75,1491,0.9275825346112886,-1
74,1471,0.9329073482428115,40
73,1451,0.9350372736954207,62
72,1431,0.9371671991480298,0
71,1411,0.9382321618743344,46
70,1391,0.939297124600639,53
69,1371,0.9398296059637913,47
68,1351,0.9405395811146611,27
67,1340,0.9408945686900958,74
66,1320,0.9408945686900958,25
65,1300,0.9403620873269436,45
64,1280,0.9403620873269436,69
63,1260,0.9403620873269436,68
62,1240,0.9398296059637913,38
61,1220,0.9398296059637913,60
60,1200,0.939297124600639,16
59,1180,0.9387646432374867,73
58,1160,0.9382321618743344,37
57,1140,0.9387646432374867,2
56,1120,0.9395633652822151,39
55,1100,0.9398296059637913,11
54,1080,0.9403620873269436,20
53,1060,0.9419595314164004,44
52,1040,0.9414270500532481,26
51,1020,0.9408945686900958,52
50,1000,0.9398296059637913,67
49,980,0.939297124600639,64
48,960,0.9403620873269436,42
47,940,0.9382321618743344,43
46,920,0.9366347177848775,57
45,900,0.9357472488462903,12
44,880,0.9369897053603125,61
43,860,0.938054668086617,21
42,840,0.9403620873269436,54
41,820,0.9412495562655308,15
40,800,0.9412495562655308,1
39,780,0.9408945686900958,13
38,760,0.9403620873269436,19
37,740,0.9408945686900958,72
36,720,0.9419595314164004,9
35,700,0.9424920127795527,23
34,680,0.9432019879304225,65
33,660,0.9446219382321619,4
32,640,0.9446219382321619,58
31,620,0.9435569755058573,14
30,600,0.943024494142705,17
29,580,0.9424920127795527,36
28,560,0.9423145189918354,59
27,540,0.9415157969471069,51
26,520,0.9401845935392261,10
25,500,0.9433794817181399,71
24,480,0.9435569755058573,30
23,460,0.9419595314164004,24
22,440,0.9408945686900958,66
21,420,0.9391196308129216,18
20,400,0.9369897053603125,63
19,380,0.9345047923322684,33
18,360,0.9316648917287894,50
17,340,0.9307774227902024,7
16,320,0.9289137380191693,3
15,300,0.9267838125665602,56
14,280,0.9230564430244942,34
13,260,0.9167554135605254,48
12,240,0.9130280440184593,8
11,220,0.9164004259850905,31
10,200,0.9039048633297835,22
9,180,0.9016684416045438,41
8,160,0.8997160099396521,70
7,140,0.8965211217607384,5
6,120,0.8839545615903444,55
5,100,0.8733581824636139,49
4,80,0.863187788427405,35
3,60,0.8387113951011714,28
2,40,0.7880473301399818,6
1,20,0.6376426307490661,29
