key min ≥,pools,n V,complete V,amplicons
0.8,1,3,V4 V6 V8,514-802A 905-1084A 1179-1407A
0.8,2,6,V3 V4 V5 V6 V7 V8,340-531A 514-802B 785-986A 968-1194B 1179-1407A
0.75,1,3,V4 V6 V8,514-802A 905-1084A 1179-1407A
0.75,2,6,V3 V4 V5 V6 V7 V8,340-531A 514-802B 785-986A 968-1194B 1179-1407A
0.7,1,3,V4 V6 V8,514-802A 905-1084A 1179-1407A
0.7,2,6,V3 V4 V5 V6 V7 V8,340-531A 514-802B 785-986A 968-1194B 1179-1407A
0.6,1,3,V3 V6 V7,340-531A 557-791A 968-1194A 1226-1405A
0.6,2,7,V3 V4 V5 V6 V7 V8 V9,340-531A 514-802B 785-986A 968-1194B 1179-1407A 1299-1503B
0.5,1,5,V1 V2 V3 V6 V7,51-277A 340-531A 557-791A 968-1194A 1226-1405A
0.5,2,9,V1 V2 V3 V4 V5 V6 V7 V8 V9,51-277A 340-531A 514-802B 785-986A 905-1084B 1095-1316A 1299-1503B
0.4,1,5,V1 V2 V3 V6 V7,51-277A 340-531A 557-791A 968-1194A 1226-1405A
0.4,2,9,V1 V2 V3 V4 V5 V6 V7 V8 V9,51-277A 340-531A 514-802B 785-986A 905-1084B 1095-1316A 1299-1503B
0.3,1,5,V1 V2 V3 V6 V7,51-277A 340-531A 557-791A 968-1194A 1226-1405A
0.3,2,9,V1 V2 V3 V4 V5 V6 V7 V8 V9,51-277A 340-531A 514-802B 785-986A 905-1084B 1095-1316A 1299-1503B
