read_len,thr,K,design_exp_bits,silva_bits_w,silva_bits_u,silva_regions,silva_ge1,gg_bits_w,gg_bits_u,gg_regions,amplicons,per_silva,worst_silva
126,0.6/0.78,3,369.2428078300676,374.0341008632937,335.7330390743571,2.221392320214498,0.8417121516805516,393.0320313395031,394.5935390164038,2.6092287834785415,338-576(239) 692-925(234) 947-1196(250),74/75/72,59/74/63
126,0.6/0.78,4,461.31843235284765,464.11895907345485,418.4502696888031,2.9833381212295316,0.8472661112707076,487.2179835097307,493.2053032352144,3.5175863181671505,338-576(239) 692-925(234) 947-1196(250) 1331-1510(180),74/75/72/76,59/74/63/65
126,0.6/0.78,5,461.31843235284765,464.11895907345485,418.4502696888031,2.9833381212295316,0.8472661112707076,487.2179835097307,493.2053032352144,3.5175863181671505,338-576(239) 692-925(234) 947-1196(250) 1331-1510(180),74/75/72/76,59/74/63/65
126,0.6/0.78,6,461.31843235284765,464.11895907345485,418.4502696888031,2.9833381212295316,0.8472661112707076,487.2179835097307,493.2053032352144,3.5175863181671505,338-576(239) 692-925(234) 947-1196(250) 1331-1510(180),74/75/72/76,59/74/63/65
126,0.4/0.6,3,401.44259901311364,399.031490233305,360.2819574667002,2.088384563822656,0.8415206358326152,428.90871583068775,429.384588200465,2.485317844465957,11-260(250) 338-576(239) 947-1196(250),62/74/72,44/59/63
126,0.4/0.6,4,514.6312894930354,516.83988716103,467.8159687491117,2.842382457148329,0.8458297424111845,549.2023973051805,553.8248238742214,3.3578573733462407,11-260(250) 338-576(239) 692-925(234) 947-1196(250),62/74/75/72,44/59/74/63
126,0.4/0.6,5,606.9565197096687,607.5943392779845,551.1361400919275,3.609882217753519,0.8486067222062625,643.4097480875282,652.5066497372371,4.266860277508874,11-260(250) 338-576(239) 692-925(234) 947-1196(250) 1331-1509(179),62/74/75/72/77,44/59/74/63/66
126,0.4/0.6,6,606.9565197096687,607.5943392779845,551.1361400919275,3.609882217753519,0.8486067222062625,643.4097480875282,652.5066497372371,4.266860277508874,11-260(250) 338-576(239) 692-925(234) 947-1196(250) 1331-1509(179),62/74/75/72/77,44/59/74/63/66
126,0.3/0.5,3,401.44259901311364,399.031490233305,360.2819574667002,2.088384563822656,0.8415206358326152,428.90871583068775,429.384588200465,2.485317844465957,11-260(250) 338-576(239) 947-1196(250),62/74/72,44/59/63
126,0.3/0.5,4,514.6312894930354,516.83988716103,467.8159687491117,2.842382457148329,0.8458297424111845,549.2023973051805,553.8248238742214,3.3578573733462407,11-260(250) 338-576(239) 692-925(234) 947-1196(250),62/74/75/72,44/59/74/63
126,0.3/0.5,5,606.9464190448019,607.1536342919892,550.6527343469006,3.604902805707172,0.8486067222062625,643.616174947907,652.7150125518522,4.268151016456922,11-260(250) 338-576(239) 692-925(234) 947-1196(250) 1331-1510(180),62/74/75/72/76,44/59/74/63/65
126,0.3/0.5,6,606.9464190448019,607.1536342919892,550.6527343469006,3.604902805707172,0.8486067222062625,643.616174947907,652.7150125518522,4.268151016456922,11-260(250) 338-576(239) 692-925(234) 947-1196(250) 1331-1510(180),62/74/75/72/76,44/59/74/63/65
150,0.6/0.78,3,421.8193680133098,418.95341139980394,386.9579448851698,2.3288327109068274,0.8446806473235661,451.57578012997374,455.44860362178724,2.739270732494353,338-576(239) 787-1069(283) 1090-1354(265),74/80/78,59/84/64
150,0.6/0.78,4,464.23884889741186,467.55887221086437,422.0854764594678,3.008618213157139,0.8473618691946758,494.94501583989404,496.91394526253805,3.5440464666021296,338-576(239) 692-923(232) 944-1196(253) 1331-1510(180),74/76/75/76,59/76/83/65
150,0.6/0.78,5,464.23884889741186,467.55887221086437,422.0854764594678,3.008618213157139,0.8473618691946758,494.94501583989404,496.91394526253805,3.5440464666021296,338-576(239) 692-923(232) 944-1196(253) 1331-1510(180),74/76/75/76,59/76/83/65
150,0.6/0.78,6,464.23884889741186,467.55887221086437,422.0854764594678,3.008618213157139,0.8473618691946758,494.94501583989404,496.91394526253805,3.5440464666021296,338-576(239) 692-923(232) 944-1196(253) 1331-1510(180),74/76/75/76,59/76/83/65
150,0.4/0.6,3,474.15011916221715,470.9766818132365,420.45268058661543,2.2938810686584317,0.851096428229436,494.3544890039446,501.29068946764704,2.73378509196515,516-805(290) 910-1195(286) 1222-1509(288),80/81/68,85/88/47
150,0.4/0.6,4,619.5386008251846,613.7824681109728,552.5356102613702,2.914871205592263,0.8541606817964187,650.5248549696221,660.5219743254648,3.4824136818328495,11-260(250) 516-805(290) 910-1195(286) 1222-1509(288),62/80/81/68,44/85/88/47
150,0.4/0.6,5,667.8136361017077,664.6110422944151,599.4730526156976,3.5513741262089438,0.8518624916211817,709.4884499961443,714.6891280694055,4.223620522749274,11-260(250) 338-576(239) 692-923(232) 944-1196(253) 1222-1509(288),62/74/76/75/68,44/59/76/83/47
150,0.4/0.6,6,667.8136361017077,664.6110422944151,599.4730526156976,3.5513741262089438,0.8518624916211817,709.4884499961443,714.6891280694055,4.223620522749274,11-260(250) 338-576(239) 692-923(232) 944-1196(253) 1222-1509(288),62/74/76/75/68,44/59/76/83/47
150,0.3/0.5,3,473.7590305476419,469.5542095350124,418.1196929959988,2.282964665326056,0.8472661112707076,488.85125130000176,499.8526834223226,2.727976766698935,516-805(290) 910-1196(287) 1226-1510(285),80/80/68,85/87/48
150,0.3/0.5,4,619.1475122106094,612.3599958327486,550.2026226707534,2.903954802259887,0.8505218806856267,645.0216172656792,659.0839682801402,3.4766053565666346,11-260(250) 516-805(290) 910-1196(287) 1226-1510(285),62/80/80/68,44/85/87/48
150,0.3/0.5,5,667.4238600260915,663.5526341511572,597.5056668576967,3.5429474288997413,0.8482236905103897,704.5815275763994,713.8435816124726,4.2216844143272025,11-260(250) 338-576(239) 692-923(232) 944-1196(253) 1226-1510(285),62/74/76/75/68,44/59/76/83/48
150,0.3/0.5,6,667.4238600260915,663.5526341511572,597.5056668576967,3.5429474288997413,0.8482236905103897,704.5815275763994,713.8435816124726,4.2216844143272025,11-260(250) 338-576(239) 692-923(232) 944-1196(253) 1226-1510(285),62/74/76/75/68,44/59/76/83/48
126,5R现有,5,,359.757784552759,365.17012544853566,2.823518146126592,0.8317533275878579,386.6707713298939,419.41781464124716,3.2442723459180383,103-332 338-536 685-927 944-1104 1175-1391,35/76/51/55/66,4/1/2/5/4
150,5R现有,5,,359.757784552759,365.17012544853566,2.823518146126592,0.8317533275878579,386.6707713298939,419.41781464124716,3.2442723459180383,103-332 338-536 685-927 944-1104 1175-1391,35/76/51/55/66,4/1/2/5/4
