db,config,n_seq,per_region,mean_regions,ge1,ge3,all5,exp_bits,ge1_phylum_min,ge1_worst,ge3_phylum_min,ge3_worst
SILVA(48k),原引物,35135,36/78/56/58/67,2.9599259997153835,0.8654617902376548,0.6547317489682652,0.16715525828945496,383.1331001520643,0.8037135278514589,Planctomycetes,0.026525198938992044,Planctomycetes
SILVA(48k),1条 ≤4简并,35135,62/82/66/63/76,3.4967126796641526,0.8735448982496087,0.7825245481713391,0.35935676675679523,465.587200454626,0.9644670050761421,Tenericutes,0.5013262599469496,Planctomycetes
SILVA(48k),1条 ≤16简并,35135,72/86/76/71/78,3.829742422086239,0.9025188558417533,0.8362886011100042,0.47713106588871496,513.2727210355855,0.9840848806366048,Planctomycetes,0.6021220159151194,Planctomycetes
SILVA(48k),2条 各≤4,35135,70/93/76/68/79,3.8608794649210187,0.9734168208339263,0.8342962857549452,0.44824249324035864,517.3203118393011,0.9796954314720813,Tenericutes,0.7453580901856764,Planctomycetes
SILVA(48k),3条 各≤4,35135,72/93/80/71/80,3.957279066457948,0.9751529813576206,0.8452824818556994,0.501408851572506,530.172462591574,0.9883419689119171,Cyanobacteria,0.8328912466843501,Planctomycetes
GG留出(12k),原引物,10277,42/88/62/64/73,3.291135545392624,0.9813175051084947,0.7213194512017126,0.19091174467256983,427.62305651487304,0.8136094674556213,Planctomycetes,0.026627218934911243,Planctomycetes
GG留出(12k),1条 ≤4简并,10277,68/94/72/71/84,3.8994842852972655,0.9932859783983653,0.870390191690182,0.38542376179819016,518.595726083568,0.9763313609467456,Planctomycetes,0.540680473372781,Bacteroidetes
GG留出(12k),1条 ≤16简并,10277,81/95/83/81/86,4.2578573513671305,0.9948428529726574,0.9349031818624112,0.522915247640362,570.3780148686576,0.9792899408284024,Planctomycetes,0.6568047337278107,Planctomycetes
GG留出(12k),2条 各≤4,10277,78/95/83/77/88,4.212513379390873,0.9950374622944439,0.9341247445752652,0.4888586163277221,563.7471928484273,0.9852941176470589,Tenericutes,0.8047337278106509,Planctomycetes
GG留出(12k),3条 各≤4,10277,80/95/88/80/89,4.33073854237618,0.9972754694949888,0.9558236839544614,0.5465602802374234,579.8100505134773,0.9966261808367072,Proteobacteria,0.8698224852071006,Planctomycetes
