oligos,removed,expansions,J,accf,amplicon_cov,tenericutes_ge3
48,16S-A3-R.2,293,0.9184,0.945,0.8851,0.9252
47,16S-A4-F.2,285,0.9184,0.945,0.8851,0.9252
46,16S-A6-R.2,277,0.9184,0.945,0.8851,0.9252
45,16S-A1-R.10s,275,0.9184,0.945,0.8851,0.9252
44,16S-A5-F.5s,271,0.9184,0.945,0.885,0.9252
43,16S-A4-F.4s,268,0.9183,0.945,0.8848,0.9252
42,16S-A5-F.2,260,0.9183,0.9454,0.8841,0.9252
41,16S-A1-R.9s,258,0.9182,0.9454,0.8838,0.9252
40,16S-A3-F.3,250,0.9181,0.9452,0.8838,0.9252
39,16S-A1-R.8s,242,0.9179,0.9452,0.8832,0.9252
38,16S-A4-F.5s,238,0.9176,0.9447,0.8828,0.9252
37,16S-A1-R.6s,234,0.9173,0.9443,0.8823,0.9252
36,16S-A1-R.5s,230,0.9169,0.9443,0.8813,0.9252
35,16S-A5-F.4s,226,0.9166,0.9443,0.8802,0.9252
34,16S-A6-F.4s,222,0.916,0.9443,0.8785,0.9252
33,16S-A4-R.3,216,0.9152,0.9443,0.876,0.9252
32,16S-A4-F.3,208,0.9143,0.9443,0.8748,0.9238
31,16S-A1-R.7s,200,0.9133,0.9443,0.8719,0.9238
30,16S-A6-F.5s,199,0.9122,0.9434,0.8695,0.9238
29,16S-A3-R.3,191,0.9109,0.9429,0.8685,0.9213
28,16S-A1-R.4,183,0.9094,0.9429,0.8652,0.9199
27,16S-A4-R.2,175,0.9073,0.9429,0.8604,0.9185
26,16S-A6-F.3,171,0.9049,0.9429,0.8533,0.9185
25,16S-A5-R.2,165,0.9022,0.9434,0.8461,0.9171
24,16S-A2-F.2,157,0.899,0.9425,0.8374,0.9171
23,16S-A2-R.2,149,0.8953,0.9425,0.8264,0.9171
22,16S-A6-R.3,143,0.891,0.942,0.8226,0.9083
21,16S-A3-F.2,142,0.8864,0.9406,0.8153,0.9033
20,16S-A1-R.3,134,0.8803,0.9409,0.8018,0.8984
19,16S-A1-R.2,128,0.8727,0.9363,0.7872,0.8945
18,16S-A5-R.3,120,0.8649,0.9352,0.7832,0.8761
17,16S-A6-F.2,116,0.859,0.9343,0.7767,0.8659
16,16S-A2-F.3,108,0.8473,0.9336,0.7658,0.8426
15,16S-A2-R.3,100,0.8386,0.9336,0.7643,0.8179
14,16S-A5-F.3,92,0.8217,0.934,0.7608,0.7702
13,16S-A4-R.4s,84,0.8054,0.9325,0.7567,0.7272
12,16S-A4-R.1,78,0.7719,0.9275,0.6723,0.7159
