名称,位点,类型,5′→3′序列,位置,长度nt,展开数,Tm范围°C,人基因组≤2错配位点数,池36,池28,池20
16S-A1-F.SNAP,A1-F,主引物（SNAP V1_f）,GAGTTTGATCMTGGCTCAG,9–27,19,2,57.1–58.9,未单独扫描（此前评估比 A1-F.1–.3 低约 10 倍）,✓,✓,✓
16S-A1-R.1,A1-R,主引物,GTTACCYCACCAACWARCT,246–264,19,8,55.1–61.3,49,✓,✓,✓
16S-A1-R.2,A1-R,主引物,GTTACCCCRCCAACTABCT,246–264,19,6,57.1–63.1,18,✓,✓,✓
16S-A1-R.3,A1-R,主引物,CGTTACCYTACCAACTARYT,246–265,20,8,54.0–59.9,10,✓,✓,
16S-A1-R.4,A1-R,主引物,CATTACCCYACCAACTARYT,246–265,20,8,53.3–60.5,25,✓,✓,✓
16S-A1-R.5s,A1-R,补充,GTTACCCCKCCAACWAGCT,246–264,19,4,59.4–64.3,16,✓,,
16S-A1-R.7s,A1-R,补充,GTTACCCCGCCRWCWAGCT,246–264,19,8,62.6–66.3,12,✓,,
16S-A2-F.1,A2-F,主引物,CAYKGGGACTGAGACACKG,314–332,19,8,58.8–65.9,95,✓,✓,✓
16S-A2-F.2,A2-F,主引物,CACTGGRACTGARAYACGG,314–332,19,8,57.0–63.3,27,✓,✓,
16S-A2-F.3,A2-F,主引物,CARKGGRACTGAGACACGG,314–332,19,8,59.5–65.4,36,✓,✓,✓
16S-A2-R.1,A2-R,主引物,GCTGGCACGKARTTAGCCR,504–522,19,8,61.9–67.2,28,✓,✓,✓
16S-A2-R.2,A2-R,主引物,GCTGGCACGAASTTAGYCS,504–522,19,8,62.1–65.3,7,✓,✓,
16S-A2-R.3,A2-R,主引物,GCTGGCACAKAGTTAGYYG,504–522,19,8,57.4–64.7,41,✓,✓,✓
16S-A3-F.1,A3-F,主引物,CCAGCAGCCGCGGTAABWC,518–536,19,6,64.8–67.8,10,✓,✓,✓
16S-A3-F.2,A3-F,主引物,CCAGCAGCCGCGGTAAAAC,518–536,19,1,65.9–65.9,2,✓,✓,
16S-A3-R.1,A3-R,主引物,TCTAATCCYGTTYGCTMCC,774–792,19,8,55.2–62.6,53,✓,✓,✓
16S-A3-R.3,A3-R,主引物,GTATCTAATCCKGTTYGMTCCC,774–795,22,8,57.1–63.7,1,✓,,
16S-A4-F.1,A4-F,主引物,GATTAGAKACCCYGGTAGTCY,786–806,21,8,56.5–62.3,1,✓,✓,✓
16S-A4-F.3,A4-F,主引物,ATTAGAWACCCSRGTAGTCC,787–806,20,8,56.2–59.9,11,✓,,
16S-A4-F.5s,A4-F,补充,TTAGATACCYTGGTAGTSC,788–806,19,4,53.5–56.6,21,✓,,
16S-A4-R.1,A4-R,主引物,CGCGTWGCATCGAATTAADC,954–973,20,6,58.6–62.3,1,✓,✓,✓
16S-A4-R.2,A4-R,主引物,CGCGTWKCKTCGAATTAAAC,954–973,20,8,56.4–62.5,0,✓,✓,
16S-A4-R.3,A4-R,主引物,TTCGTGTWGCVTCGAATTAAAC,954–975,22,6,58.5–61.7,0,✓,,
16S-A4-R.4s,A4-R,补充,CGTGTATYRTCGAATTAARC,954–973,20,8,51.2–58.2,6,✓,✓,✓
16S-A4-R.5s,A4-R,补充,CGCGTABCTTCRAATTAAAC,954–973,20,6,54.4–59.0,1,✓,✓,✓
16S-A5-F.1,A5-F,主引物,MWACGCGARGAACCTTACC,967–985,19,8,58.3–62.1,9,✓,✓,✓
16S-A5-F.3,A5-F,主引物,RTACMCGAARAACCTTACC,967–985,19,8,53.9–58.2,18,✓,✓,✓
16S-A5-R.1,A5-R,主引物,ATGMTGAYTTGACGTCRTC,1188–1206,19,8,54.2–61.5,A5-R 两条合计 10,✓,✓,✓
16S-A5-R.2,A5-R,主引物,ATRCTGACYTGACGTCRTC,1188–1206,19,8,55.4–63.4,A5-R 两条合计 10,✓,✓,
16S-A6-F.1,A6-F,主引物,GGCTRCACACRTGCTACAA,1222–1240,19,4,58.8–64.9,40,✓,✓,✓
16S-A6-F.2,A6-F,主引物,GGCKACACACGTGMTACAA,1222–1240,19,4,58.6–64.5,17,✓,✓,✓
16S-A6-F.3,A6-F,主引物,GGCTWCACGCGTGCTACAW,1222–1240,19,4,64.1–64.9,1,✓,✓,
16S-A6-F.4s,A6-F,补充,GGCYWCACACGTACTACAA,1222–1240,19,4,57.9–61.0,11,✓,,
16S-A6-F.5s,A6-F,补充,GGCTTCACACGTCATACAA,1222–1240,19,1,59.2–59.2,9,✓,,
16S-A6-R.1,A6-R,主引物,CTTGTTACGACTTCRYCCY,1486–1504,19,8,55.6–62.1,28,✓,✓,✓
16S-A6-R.3,A6-R,主引物,CCTTGTTACGACTTMACHCC,1486–1505,20,6,56.9–61.7,9,✓,✓,
