名称,位点,类型,补充针对,5′→3′序列,E.coli位置,长度nt,展开数,Tm范围°C,人基因组≤2错配位点数,每展开,线粒体≤3错配
16S-A1-F.1,A1-F,主引物,,AGRGTTTGATYMTGGCTCA,8–26,19,8,54.8–62.0,801,100.1,0
16S-A1-F.2,A1-F,主引物,,YGWGTTTGATCCTGGCKCA,8–26,19,8,59.7–64.9,73,9.1,0
16S-A1-F.3,A1-F,主引物,,MGWGTTTGATCCTGGCTKA,8–26,19,8,56.7–61.4,99,12.4,0
16S-A1-R.1,A1-R,主引物,,GTTACCYCACCAACWARCT,246–264,19,8,55.1–61.3,49,6.1,1
16S-A1-R.2,A1-R,主引物,,GTTACCCCRCCAACTABCT,246–264,19,6,57.1–63.1,18,3.0,0
16S-A1-R.3,A1-R,主引物,,CGTTACCYTACCAACTARYT,246–265,20,8,54.0–59.9,10,1.2,0
16S-A1-R.4,A1-R,主引物,,CATTACCCYACCAACTARYT,246–265,20,8,53.3–60.5,25,3.1,0
16S-A1-R.5s,A1-R,补充,Blautia/Dialister/Megasphaera/Roseburia,GTTACCCCKCCAACWAGCT,246–264,19,4,59.4–64.3,16,4.0,0
16S-A1-R.6s,A1-R,补充,Blautia/Dialister/Megasphaera,GTTRCCCYGCCAACTAGCT,246–264,19,4,60.4–66.6,11,2.8,0
16S-A1-R.7s,A1-R,补充,Prevotella/拟杆菌门,GTTACCCCGCCRWCWAGCT,246–264,19,8,62.6–66.3,12,1.5,0
16S-A1-R.8s,A1-R,补充,Prevotella/拟杆菌门,GTTACCCCGCCWRCTRCCT,246–264,19,8,61.5–68.6,43,5.4,0
16S-A1-R.9s,A1-R,补充,Bifidobacterium,GTCACCCCGCCAWCAAGCT,246–264,19,2,66.4–66.9,5,2.5,0
16S-A1-R.10s,A1-R,补充,Bifidobacterium,ATTACCCCRCCGTCAAGCT,246–264,19,2,62.4–65.4,1,0.5,0
16S-A2-F.1,A2-F,主引物,,CAYKGGGACTGAGACACKG,314–332,19,8,58.8–65.9,95,11.9,0
16S-A2-F.2,A2-F,主引物,,CACTGGRACTGARAYACGG,314–332,19,8,57.0–63.3,27,3.4,0
16S-A2-F.3,A2-F,主引物,,CARKGGRACTGAGACACGG,314–332,19,8,59.5–65.4,36,4.5,0
16S-A2-R.1,A2-R,主引物,,GCTGGCACGKARTTAGCCR,504–522,19,8,61.9–67.2,28,3.5,0
16S-A2-R.2,A2-R,主引物,,GCTGGCACGAASTTAGYCS,504–522,19,8,62.1–65.3,7,0.9,0
16S-A2-R.3,A2-R,主引物,,GCTGGCACAKAGTTAGYYG,504–522,19,8,57.4–64.7,41,5.1,0
16S-A3-F.1,A3-F,主引物,,CCAGCAGCCGCGGTAABWC,518–536,19,6,64.8–67.8,10,1.7,0
16S-A3-F.2,A3-F,主引物,,CCAGCAGCCGCGGTAAAAC,518–536,19,1,65.9–65.9,2,2.0,0
16S-A3-F.3,A3-F,主引物,,CCASCASCCGCRGTAATAC,518–536,19,8,61.6–64.8,12,1.5,0
16S-A3-R.1,A3-R,主引物,,TCTAATCCYGTTYGCTMCC,774–792,19,8,55.2–62.6,53,6.6,0
16S-A3-R.2,A3-R,主引物,,GTATCTRATCGTCTTCGAWCCY,774–795,22,8,58.1–61.7,12,1.5,0
16S-A3-R.3,A3-R,主引物,,GTATCTAATCCKGTTYGMTCCC,774–795,22,8,57.1–63.7,1,0.1,0
16S-A4-F.1,A4-F,主引物,,GATTAGAKACCCYGGTAGTCY,786–806,21,8,56.5–62.3,1,0.1,0
16S-A4-F.2,A4-F,主引物,,GGATYAGATACCGTCGTAGTYY,785–806,22,8,58.6–62.9,7,0.9,0
16S-A4-F.3,A4-F,主引物,,ATTAGAWACCCSRGTAGTCC,787–806,20,8,56.2–59.9,11,1.4,0
16S-A4-F.4s,A4-F,补充,Streptococcus/Staphylococcus/Gemella,GATTAGATACCCTGGTAGTHC,786–806,21,3,55.1–57.5,1,0.3,0
16S-A4-F.5s,A4-F,补充,Streptococcus/Staphylococcus,TTAGATACCYTGGTAGTSC,788–806,19,4,53.5–56.6,21,5.2,0
16S-A4-R.1,A4-R,主引物,,CGCGTWGCATCGAATTAADC,954–973,20,6,58.6–62.3,1,0.2,0
16S-A4-R.2,A4-R,主引物,,CGCGTWKCKTCGAATTAAAC,954–973,20,8,56.4–62.5,0,0.0,0
16S-A4-R.3,A4-R,主引物,,TTCGTGTWGCVTCGAATTAAAC,954–975,22,6,58.5–61.7,0,0.0,0
16S-A4-R.4s,A4-R,补充,Mycoplasma/Ureaplasma,CGTGTATYRTCGAATTAARC,954–973,20,8,51.2–58.2,6,0.8,0
16S-A4-R.5s,A4-R,补充,Mycoplasma/Ureaplasma,CGCGTABCTTCRAATTAAAC,954–973,20,6,54.4–59.0,1,0.2,0
16S-A5-F.1,A5-F,主引物,,MWACGCGARGAACCTTACC,967–985,19,8,58.3–62.1,9,1.1,0
16S-A5-F.2,A5-F,主引物,,GMWACMCGAAGAACCTTACC,966–985,20,8,56.7–62.4,8,1.0,0
16S-A5-F.3,A5-F,主引物,,RTACMCGAARAACCTTACC,967–985,19,8,53.9–58.2,18,2.2,0
16S-A5-F.4s,A5-F,补充,Streptococcus/Enterococcus/Veillonella,CRACGCGAAGAACCTTAYC,967–985,19,4,57.8–62.2,4,1.0,0
16S-A5-F.5s,A5-F,补充,Streptococcus/Staphylococcus,CAACGCGAAGAACCTTWSC,967–985,19,4,60.2–61.7,9,2.2,0
16S-A5-R.1,A5-R,主引物,,TCATCCCCACCTTCCTCCN,1174–1192,19,4,63.1–64.5,480,120.0,0
16S-A5-R.2,A5-R,主引物,,TCGTCCCCACCTTCCTCYD,1174–1192,19,6,62.7–67.0,267,44.5,0
16S-A5-R.3,A5-R,主引物,,TCATCCYCACCTTCCTCYR,1174–1192,19,8,57.4–64.5,534,66.8,0
16S-A6-F.1,A6-F,主引物,,GGCTRCACACRTGCTACAA,1222–1240,19,4,58.8–64.9,40,10.0,0
16S-A6-F.2,A6-F,主引物,,GGCKACACACGTGMTACAA,1222–1240,19,4,58.6–64.5,17,4.2,0
16S-A6-F.3,A6-F,主引物,,GGCTWCACGCGTGCTACAW,1222–1240,19,4,64.1–64.9,1,0.2,0
16S-A6-F.4s,A6-F,补充,Neisseria/Oscillospira/Ruminococcus/Faecalibacterium,GGCYWCACACGTACTACAA,1222–1240,19,4,57.9–61.0,11,2.8,0
16S-A6-F.5s,A6-F,补充,Neisseria,GGCTTCACACGTCATACAA,1222–1240,19,1,59.2–59.2,9,9.0,0
16S-A6-R.1,A6-R,主引物,,CTTGTTACGACTTCRYCCY,1486–1504,19,8,55.6–62.1,28,3.5,0
16S-A6-R.2,A6-R,主引物,,CTACCTTGTTACGACTTYTMCWT,1486–1508,23,8,57.6–61.0,3,0.4,0
16S-A6-R.3,A6-R,主引物,,CCTTGTTACGACTTMACHCC,1486–1505,20,6,56.9–61.7,9,1.5,0
