oligo,位点,展开数,Olivar坏度_等浓度均值,Olivar坏度_按浓度均值,最大
16S-A5-R.1,A5-R,8,5778.2,5982.8,10893.0
16S-A5-R.2,A5-R,8,5746.1,5955.3,10774.4
16S-A6-F.3,A6-F,4,3070.2,4606.4,4606.8
16S-A2-R.3,A2-R,8,5539.5,1858.3,6992.4
16S-A1-R.4,A1-R,8,4421.0,1239.8,2443.4
16S-A1-R.3,A1-R,8,4421.0,1239.8,2443.4
16S-A3-F.1,A3-F,6,370.5,893.4,2310.8
16S-A1-R.1,A1-R,8,1916.7,628.2,2443.4
16S-A2-F.2,A2-F,4,132.9,456.8,496.3
16S-A2-F.1,A2-F,4,136.5,425.1,444.0
16S-A1-F.SNAP,A1-F,2,57.2,312.9,312.9
16S-A4-F.1,A4-F,8,73.0,274.0,302.3
16S-A3-F.2,A3-F,1,82.4,202.0,202.0
16S-A2-R.2,A2-R,8,297.6,112.7,357.3
16S-A4-R.1,A4-R,6,76.1,100.6,131.8
16S-A6-R.3,A6-R,6,84.8,86.0,317.2
16S-A2-R.1,A2-R,8,147.0,81.1,232.8
16S-A4-R.2,A4-R,8,57.8,73.3,147.9
16S-A3-R.1,A3-R,8,19.4,72.5,76.6
16S-A5-F.1,A5-F,8,72.1,64.7,110.3
16S-A6-R.1,A6-R,8,52.9,48.0,116.0
16S-A6-F.1,A6-F,4,36.4,46.8,93.5
16S-A1-R.2,A1-R,6,119.6,30.6,55.2
16S-A1-R.7s,A1-R,8,214.5,13.0,68.0
16S-A5-F.3,A5-F,8,14.3,7.0,16.1
16S-A1-R.8s,A1-R,8,59.2,6.6,10.3
16S-A4-R.4s,A4-R,8,36.1,6.3,9.4
16S-A6-F.4s,A6-F,4,8.1,5.2,20.4
16S-A4-R.5s,A4-R,6,35.2,4.2,8.3
16S-A6-F.2,A6-F,4,17.8,3.3,6.7
16S-A1-R.9s,A1-R,2,80.7,2.1,2.2
16S-A6-F.5s,A6-F,1,1.6,0.2,0.2
