类群,A1,A2,A3,A4,A5,A6
Tenericutes(支原体),83% | 259(243–290),87% | 209(201–210),95% | 274(273–275),77% | 178(176–181),83% | 220(205–228),77% | 285(282–290)
古菌 Euryarchaeota,0% | –,0% | –,50% | 276(275–276),0% | –,0% | –,50% | 273(269–277)
古菌 Crenarchaeota,0% | –,0% | –,10% | 275(274–275),1% | –,0% | –,1% | –
古菌合计,0% | –,0% | –,32% | 275(274–276),0% | –,0% | –,38% | 273(269–277)
Firmicutes,82% | 270(251–281),93% | 187(184–210),93% | 275(274–275),93% | 185(182–186),93% | 225(219–228),85% | 284(273–286)
Proteobacteria,89% | 251(223–270),95% | 209(184–210),95% | 275(274–275),93% | 185(183–186),93% | 226(221–229),80% | 284(264–287)
Bacteroidetes,75% | 258(249–264),93% | 204(203–205),95% | 275(274–275),93% | 182(180–186),94% | 224(222–227),88% | 275(274–278)
Actinobacteria,82% | 253(248–262),92% | 189(184–208),92% | 275(274–276),93% | 187(185–188),94% | 224(221–231),80% | 287(284–290)
Fusobacteria,58% | 253(242–257),89% | 187(187–187),94% | 274(274–275),94% | 182(182–183),96% | 228(224–228),97% | 284(265–287)
Verrucomicrobia,91% | 268(244–282),97% | 208(188–210),92% | 275(275–275),94% | 186(185–187),77% | 229(222–234),94% | 284(269–288)
Spirochaetes,78% | 258(247–265),93% | 209(195–210),95% | 275(274–275),91% | 182(181–186),94% | 227(223–228),87% | 285(284–287)
Cyanobacteria,79% | 227(222–250),91% | 186(184–187),85% | 275(274–275),86% | 186(181–186),88% | 224(209–230),84% | 285(283–287)
Chloroflexi,88% | 253(235–272),78% | 185(184–187),94% | 275(274–275),89% | 186(183–188),87% | 212(208–224),63% | 285(283–292)
Acidobacteria,92% | 265(239–271),81% | 208(184–210),96% | 275(274–275),95% | 186(184–187),93% | 225(223–229),96% | 286(284–286)
Planctomycetes,88% | 248(229–270),76% | 202(184–208),97% | 275(274–275),83% | 186(184–186),92% | 231(228–239),75% | 284(271–287)
