引物A,引物B,全局二聚体ΔG_kcal,3′端锚定ΔG_kcal
16S-A1-F.SNAP,16S-A2-R.1,-3.29,-3.29
16S-A1-R.3,16S-A2-R.3,-2.78,-2.78
16S-A1-R.1,16S-A2-R.3,-2.78,-2.78
16S-A1-R.4,16S-A2-R.3,-2.78,-2.78
16S-A2-F.2,16S-A3-R.1,-4.07,-2.76
16S-A2-R.2,16S-A6-R.1,-2.74,-2.74
16S-A2-R.3,16S-A6-R.3,-2.73,-2.73
16S-A2-R.3,16S-A6-R.1,-2.73,-2.73
16S-A2-R.2,16S-A6-R.3,-2.73,-2.73
16S-A1-F.SNAP,16S-A1-R.1,-2.7,-2.7
16S-A5-R.2,16S-A5-R.2,-4.13,-2.53
16S-A5-R.1,16S-A5-R.2,-4.13,-2.53
16S-A5-R.1,16S-A5-R.1,-4.13,-2.53
16S-A6-F.3,16S-A6-F.3,-6.6,-2.53
16S-A2-F.2,16S-A2-R.2,-2.32,-2.32
16S-A2-F.2,16S-A2-R.3,-2.32,-2.32
16S-A1-R.8s,16S-A2-F.1,-3.38,-2.27
16S-A1-R.8s,16S-A2-F.2,-3.38,-2.27
16S-A2-R.1,16S-A2-R.1,-2.27,-2.27
16S-A2-R.1,16S-A2-R.3,-2.27,-2.27
16S-A2-R.1,16S-A2-R.2,-2.27,-2.27
16S-A2-F.1,16S-A3-R.1,-4.07,-2.13
16S-A1-R.7s,16S-A2-R.3,-2.05,-2.03
16S-A2-F.2,16S-A6-R.3,-1.98,-1.98
16S-A2-F.2,16S-A6-F.3,-2.48,-1.93
16S-A2-F.1,16S-A6-F.3,-2.48,-1.93
16S-A1-R.8s,16S-A2-R.3,-4.04,-1.9
16S-A1-R.4,16S-A4-R.5s,-1.84,-1.84
16S-A1-R.3,16S-A4-R.5s,-1.84,-1.84
16S-A1-R.2,16S-A4-R.5s,-1.84,-1.84
16S-A1-R.3,16S-A4-R.2,-1.84,-1.84
16S-A1-R.7s,16S-A4-R.2,-2.05,-1.84
16S-A1-R.7s,16S-A4-R.5s,-1.84,-1.84
16S-A1-R.1,16S-A4-R.2,-1.84,-1.84
16S-A1-R.1,16S-A4-R.5s,-1.84,-1.84
16S-A1-R.2,16S-A4-R.2,-1.84,-1.84
16S-A1-R.4,16S-A4-R.2,-1.84,-1.84
16S-A2-R.3,16S-A6-F.2,-1.82,-1.82
16S-A1-R.8s,16S-A5-F.1,-2.02,-1.76
16S-A1-R.2,16S-A5-F.1,-2.02,-1.76
16S-A2-R.3,16S-A3-F.1,-2.49,-1.72
16S-A2-R.3,16S-A3-F.2,-2.49,-1.72
16S-A3-F.1,16S-A5-F.3,-1.9,-1.71
16S-A3-F.1,16S-A5-F.1,-3.85,-1.71
16S-A2-F.1,16S-A2-R.1,-2.31,-1.7
16S-A2-F.2,16S-A2-R.1,-2.84,-1.7
16S-A1-R.2,16S-A2-R.3,-1.75,-1.68
16S-A4-F.1,16S-A4-F.1,-2.08,-1.64
16S-A2-F.1,16S-A2-R.3,-1.84,-1.64
16S-A2-F.1,16S-A2-R.2,-2.2,-1.64
16S-A1-R.9s,16S-A4-R.2,-1.62,-1.62
16S-A1-R.9s,16S-A4-R.5s,-1.62,-1.62
16S-A3-F.1,16S-A4-R.4s,-1.6,-1.6
16S-A1-R.7s,16S-A2-R.2,-2.05,-1.58
16S-A4-R.1,16S-A4-R.5s,-2.15,-1.58
16S-A4-R.4s,16S-A4-R.5s,-1.69,-1.58
16S-A5-F.1,16S-A6-R.1,-3.84,-1.57
16S-A3-F.2,16S-A3-F.2,-5.38,-1.54
16S-A3-F.1,16S-A3-F.1,-5.38,-1.54
16S-A3-F.1,16S-A3-F.2,-5.38,-1.54
16S-A1-R.4,16S-A2-R.1,-1.54,-1.54
16S-A1-R.3,16S-A2-R.1,-1.54,-1.54
16S-A1-R.1,16S-A2-R.1,-1.54,-1.54
16S-A1-R.9s,16S-A2-R.3,-2.05,-1.51
16S-A2-R.1,16S-A6-R.3,-2.09,-1.49
16S-A4-R.1,16S-A6-F.5s,-1.48,-1.48
16S-A4-R.4s,16S-A6-F.5s,-1.96,-1.48
16S-A4-R.4s,16S-A6-F.3,-1.87,-1.48
16S-A4-R.1,16S-A6-F.4s,-1.76,-1.48
16S-A4-R.4s,16S-A6-F.4s,-1.96,-1.48
16S-A2-F.1,16S-A2-F.2,-3.81,-1.46
16S-A1-R.4,16S-A1-R.8s,-1.44,-1.44
16S-A1-R.1,16S-A1-R.8s,-1.44,-1.44
16S-A1-R.2,16S-A1-R.8s,-1.44,-1.44
16S-A1-R.3,16S-A1-R.8s,-1.44,-1.44
16S-A1-R.7s,16S-A1-R.8s,-1.44,-1.44
16S-A1-R.1,16S-A2-R.2,-1.41,-1.41
16S-A1-R.3,16S-A2-R.2,-1.41,-1.41
16S-A1-R.4,16S-A2-R.2,-1.41,-1.41
16S-A2-F.2,16S-A6-R.1,-1.9,-1.41
16S-A1-F.SNAP,16S-A2-F.1,-1.38,-1.38
16S-A1-F.SNAP,16S-A2-F.2,-1.38,-1.38
16S-A1-R.2,16S-A2-F.2,-3.38,-1.37
16S-A1-R.2,16S-A2-F.1,-3.38,-1.37
16S-A1-R.7s,16S-A2-F.1,-3.38,-1.37
16S-A1-R.7s,16S-A2-F.2,-3.38,-1.37
16S-A1-R.9s,16S-A2-F.1,-3.38,-1.37
16S-A1-R.9s,16S-A2-F.2,-3.38,-1.37
16S-A1-R.3,16S-A1-R.3,-1.36,-1.36
16S-A1-R.4,16S-A1-R.4,-1.36,-1.36
16S-A1-R.3,16S-A1-R.4,-1.36,-1.36
16S-A2-F.1,16S-A6-R.3,-1.83,-1.35
16S-A2-R.2,16S-A3-F.1,-2.49,-1.34
16S-A2-R.2,16S-A3-F.2,-2.49,-1.34
16S-A2-R.1,16S-A3-F.1,-2.49,-1.34
16S-A2-R.1,16S-A3-F.2,-2.49,-1.34
16S-A2-R.1,16S-A6-R.1,-2.09,-1.32
16S-A2-F.1,16S-A6-R.1,-1.9,-1.3
16S-A1-R.2,16S-A1-R.2,-1.28,-1.28
16S-A1-R.2,16S-A1-R.7s,-1.28,-1.28
16S-A1-R.4,16S-A1-R.7s,-1.28,-1.28
16S-A1-R.2,16S-A1-R.3,-1.28,-1.28
16S-A1-R.1,16S-A1-R.7s,-1.28,-1.28
16S-A1-R.1,16S-A1-R.2,-1.28,-1.28
16S-A1-R.1,16S-A1-R.1,-1.28,-1.28
16S-A1-R.7s,16S-A1-R.7s,-1.28,-1.28
16S-A1-R.2,16S-A1-R.4,-1.28,-1.28
16S-A1-R.1,16S-A1-R.4,-1.28,-1.28
16S-A1-R.3,16S-A1-R.7s,-1.28,-1.28
16S-A1-R.1,16S-A1-R.3,-1.28,-1.28
16S-A1-R.8s,16S-A1-R.9s,-1.27,-1.27
16S-A3-R.1,16S-A4-F.1,-1.13,-1.13
16S-A3-F.1,16S-A6-R.3,-1.26,-1.12
16S-A3-F.1,16S-A6-R.1,-1.44,-1.12
16S-A2-R.3,16S-A4-F.1,-1.1,-1.1
16S-A2-R.1,16S-A4-F.1,-2.2,-1.1
16S-A2-R.2,16S-A4-F.1,-1.1,-1.1
16S-A1-R.2,16S-A4-R.1,-1.14,-1.1
16S-A1-R.4,16S-A4-R.1,-1.1,-1.1
16S-A1-R.3,16S-A4-R.1,-1.1,-1.1
16S-A1-R.9s,16S-A4-R.1,-1.14,-1.1
16S-A1-R.1,16S-A4-R.1,-1.1,-1.1
16S-A1-R.7s,16S-A4-R.1,-1.14,-1.1
16S-A2-R.3,16S-A2-R.3,-2.08,-1.1
16S-A4-R.4s,16S-A6-F.1,-1.96,-1.07
16S-A4-R.4s,16S-A6-F.2,-2.05,-1.07
16S-A1-F.SNAP,16S-A1-R.7s,-2.15,-1.06
16S-A1-R.2,16S-A1-R.9s,-1.04,-1.04
16S-A1-R.3,16S-A1-R.9s,-1.04,-1.04
16S-A1-R.4,16S-A1-R.9s,-1.04,-1.04
16S-A1-R.1,16S-A1-R.9s,-1.04,-1.04
16S-A1-R.7s,16S-A1-R.9s,-1.04,-1.04
16S-A5-F.1,16S-A6-F.3,-4.96,-1.0
16S-A2-R.2,16S-A5-F.3,-2.06,-1.0
16S-A2-R.2,16S-A2-R.3,-1.77,-1.0
16S-A2-R.2,16S-A2-R.2,-2.06,-1.0
16S-A2-F.2,16S-A6-F.4s,-1.72,-0.97
16S-A2-F.1,16S-A6-F.4s,-1.72,-0.97
16S-A2-F.1,16S-A4-F.1,-3.38,-0.94
16S-A5-R.1,16S-A6-F.3,-1.53,-0.93
16S-A2-R.3,16S-A4-R.1,-1.5,-0.93
16S-A2-R.3,16S-A4-R.4s,-0.3,-0.93
16S-A1-R.8s,16S-A4-R.4s,-0.93,-0.93
16S-A1-R.8s,16S-A4-R.1,-1.6,-0.93
16S-A2-F.2,16S-A4-F.1,-3.38,-0.91
16S-A1-F.SNAP,16S-A2-R.2,-2.51,-0.9
16S-A3-F.1,16S-A4-F.1,-1.63,-0.9
16S-A1-R.1,16S-A3-F.1,-1.44,-0.86
16S-A1-R.3,16S-A3-F.1,-2.11,-0.86
16S-A1-R.3,16S-A3-F.2,-0.82,-0.86
16S-A1-R.4,16S-A3-F.1,-0.87,-0.86
16S-A1-R.4,16S-A3-F.2,-0.82,-0.86
16S-A1-R.2,16S-A3-F.2,-2.32,-0.86
16S-A1-R.2,16S-A3-F.1,-2.32,-0.86
16S-A1-R.1,16S-A3-F.2,-0.82,-0.86
16S-A4-R.4s,16S-A5-R.1,-1.52,-0.86
16S-A4-R.1,16S-A5-R.2,-1.79,-0.86
16S-A4-R.4s,16S-A5-R.2,-1.06,-0.86
16S-A4-R.1,16S-A5-R.1,-1.79,-0.86
16S-A3-F.1,16S-A6-F.3,-2.91,-0.86
16S-A2-R.1,16S-A5-F.3,-2.84,-0.85
16S-A2-R.3,16S-A5-F.3,-0.85,-0.85
16S-A5-F.1,16S-A5-F.3,-1.89,-0.85
16S-A5-F.1,16S-A5-F.1,-4.88,-0.85
16S-A3-R.1,16S-A5-F.1,-2.39,-0.85
16S-A5-F.1,16S-A6-R.3,-1.89,-0.85
16S-A1-R.8s,16S-A3-F.2,-4.12,-0.83
16S-A1-R.2,16S-A2-R.2,-1.75,-0.83
16S-A1-R.2,16S-A2-R.1,-1.75,-0.83
16S-A1-R.7s,16S-A2-R.1,-3.07,-0.83
16S-A1-R.9s,16S-A2-R.1,-2.05,-0.83
16S-A1-R.9s,16S-A2-R.2,-2.05,-0.83
16S-A1-R.3,16S-A6-R.3,-0.39,-0.81
16S-A1-R.4,16S-A6-R.3,-0.81,-0.81
16S-A1-R.9s,16S-A1-R.9s,-0.81,-0.81
16S-A2-F.2,16S-A3-F.1,-1.9,-0.8
16S-A3-R.1,16S-A4-R.4s,-1.04,-0.8
16S-A2-R.2,16S-A5-F.1,-1.89,-0.8
16S-A3-R.1,16S-A4-R.1,-1.97,-0.8
16S-A4-R.1,16S-A6-F.2,-1.76,-0.76
16S-A2-F.2,16S-A5-F.3,-4.42,-0.75
16S-A2-F.2,16S-A5-F.1,-2.4,-0.75
16S-A1-F.SNAP,16S-A4-R.4s,-0.73,-0.73
16S-A1-F.SNAP,16S-A4-R.1,-1.57,-0.73
16S-A2-R.3,16S-A4-R.2,-2.24,-0.71
16S-A2-R.2,16S-A4-R.2,-2.66,-0.71
16S-A2-R.2,16S-A4-R.5s,-2.66,-0.71
16S-A2-R.2,16S-A4-R.1,-0.41,-0.71
16S-A2-R.2,16S-A4-R.4s,-2.01,-0.71
16S-A2-R.3,16S-A4-R.5s,-2.24,-0.71
16S-A2-R.3,16S-A5-F.1,-0.69,-0.69
16S-A2-R.1,16S-A5-F.1,-1.33,-0.69
16S-A2-R.2,16S-A6-F.2,-4.1,-0.67
16S-A2-F.2,16S-A6-F.2,-2.44,-0.66
16S-A2-F.1,16S-A6-F.2,-2.44,-0.66
16S-A2-R.1,16S-A4-R.1,0.0,-0.62
16S-A2-R.1,16S-A4-R.2,-1.29,-0.62
16S-A2-R.1,16S-A4-R.5s,-1.25,-0.62
16S-A2-R.1,16S-A4-R.4s,-1.38,-0.62
16S-A2-F.2,16S-A6-F.1,-2.44,-0.61
16S-A2-F.1,16S-A6-F.1,-2.44,-0.61
16S-A2-F.1,16S-A3-F.2,-1.8,-0.61
16S-A2-F.2,16S-A3-F.2,-1.9,-0.61
16S-A2-F.1,16S-A3-F.1,-1.8,-0.61
16S-A1-F.SNAP,16S-A5-R.1,-1.25,-0.61
16S-A1-F.SNAP,16S-A1-R.9s,-0.59,-0.59
16S-A1-R.1,16S-A2-F.2,-1.83,-0.58
16S-A1-R.3,16S-A2-F.2,-1.9,-0.58
16S-A1-R.4,16S-A2-F.2,-1.9,-0.58
16S-A1-F.SNAP,16S-A5-R.2,-0.58,-0.58
16S-A3-F.2,16S-A4-R.4s,-1.02,-0.52
16S-A2-R.1,16S-A3-R.1,-1.33,-0.52
16S-A1-F.SNAP,16S-A1-R.4,-1.37,-0.49
16S-A1-F.SNAP,16S-A1-R.3,-1.37,-0.49
16S-A6-F.1,16S-A6-R.3,-2.14,-0.48
16S-A6-F.1,16S-A6-R.1,-2.14,-0.48
16S-A1-F.SNAP,16S-A6-F.1,-0.78,-0.46
16S-A1-F.SNAP,16S-A6-F.4s,-2.41,-0.46
16S-A1-F.SNAP,16S-A6-F.5s,0.0,-0.46
16S-A1-F.SNAP,16S-A6-F.2,-0.53,-0.46
16S-A1-F.SNAP,16S-A6-F.3,-0.36,-0.46
16S-A5-R.1,16S-A6-F.1,-2.17,-0.46
16S-A1-R.9s,16S-A4-R.4s,-0.55,-0.46
16S-A1-R.1,16S-A4-R.4s,-0.77,-0.46
16S-A1-R.7s,16S-A4-R.4s,-2.87,-0.46
16S-A1-R.2,16S-A4-R.4s,-0.65,-0.46
16S-A1-R.3,16S-A4-R.4s,-0.46,-0.46
16S-A1-R.4,16S-A4-R.4s,-0.46,-0.46
16S-A1-R.7s,16S-A3-F.1,-2.32,-0.41
16S-A1-F.SNAP,16S-A4-R.5s,-1.37,-0.38
16S-A1-F.SNAP,16S-A4-R.2,-1.37,-0.38
16S-A3-F.1,16S-A6-F.4s,-1.61,-0.37
16S-A3-R.1,16S-A4-R.2,-2.65,-0.31
16S-A3-R.1,16S-A4-R.5s,-1.4,-0.31
16S-A3-F.2,16S-A6-R.3,-1.26,-0.3
16S-A2-F.1,16S-A4-R.5s,-2.04,-0.29
16S-A2-F.2,16S-A4-R.5s,-2.04,-0.29
16S-A2-R.1,16S-A6-F.3,-3.3,-0.27
16S-A2-R.2,16S-A6-F.3,-3.93,-0.27
16S-A2-R.3,16S-A6-F.1,-1.91,-0.26
16S-A2-R.2,16S-A5-R.1,-2.05,-0.26
16S-A2-R.3,16S-A5-R.2,-2.07,-0.26
16S-A2-R.3,16S-A5-R.1,-1.9,-0.26
16S-A2-R.2,16S-A6-F.5s,-2.21,-0.26
16S-A2-R.3,16S-A6-F.5s,-2.07,-0.26
16S-A2-R.2,16S-A5-R.2,-2.05,-0.26
16S-A5-R.2,16S-A6-F.3,-1.53,-0.23
16S-A5-R.2,16S-A6-F.1,-2.17,-0.23
16S-A1-R.3,16S-A2-F.1,-1.59,-0.22
16S-A1-R.1,16S-A2-F.1,-1.83,-0.22
16S-A1-R.4,16S-A2-F.1,-1.83,-0.22
16S-A4-R.2,16S-A4-R.5s,-2.8,-0.21
16S-A2-F.2,16S-A2-F.2,-3.81,-0.19
16S-A1-R.8s,16S-A2-R.1,-4.04,-0.16
16S-A5-R.1,16S-A6-F.2,-2.17,-0.16
16S-A5-R.2,16S-A6-F.2,-2.17,-0.16
16S-A2-F.2,16S-A5-R.1,-1.67,-0.16
16S-A2-F.1,16S-A5-R.1,-1.67,-0.16
16S-A1-F.SNAP,16S-A5-F.3,-0.34,-0.15
16S-A1-F.SNAP,16S-A6-R.3,-1.22,-0.15
16S-A2-R.2,16S-A3-R.1,-2.2,-0.15
16S-A1-F.SNAP,16S-A5-F.1,-1.84,-0.15
16S-A1-F.SNAP,16S-A3-R.1,-0.36,-0.15
16S-A2-R.3,16S-A3-R.1,-1.4,-0.15
16S-A3-F.2,16S-A3-R.1,-1.5,-0.14
16S-A1-R.3,16S-A5-F.3,-1.19,-0.13
16S-A1-R.3,16S-A5-F.1,-1.53,-0.13
16S-A1-R.4,16S-A5-F.1,-1.26,-0.13
16S-A1-R.4,16S-A5-F.3,-0.42,-0.13
16S-A4-R.4s,16S-A4-R.4s,-1.68,-0.12
16S-A4-R.1,16S-A4-R.4s,-1.68,-0.12
16S-A2-R.1,16S-A5-R.1,-1.64,-0.12
16S-A3-F.2,16S-A5-F.3,-1.9,-0.09
16S-A3-F.2,16S-A5-F.1,-3.85,-0.09
16S-A2-R.3,16S-A6-F.4s,-2.08,-0.09
16S-A2-R.2,16S-A6-F.4s,-2.21,-0.09
16S-A2-R.1,16S-A6-F.2,-3.47,-0.09
16S-A2-R.1,16S-A5-R.2,-1.64,-0.09
16S-A2-R.1,16S-A6-F.5s,-2.48,-0.09
16S-A2-R.1,16S-A6-F.4s,-2.48,-0.09
16S-A1-R.7s,16S-A4-F.1,-1.9,-0.09
16S-A1-R.9s,16S-A4-F.1,-1.04,-0.09
16S-A1-R.4,16S-A4-F.1,-1.34,-0.09
16S-A1-R.1,16S-A4-F.1,-1.01,-0.09
16S-A1-R.2,16S-A4-F.1,-2.07,-0.09
16S-A1-R.3,16S-A4-F.1,-1.34,-0.09
16S-A3-F.1,16S-A5-R.2,-2.69,-0.07
16S-A3-F.1,16S-A5-R.1,-2.69,-0.07
16S-A2-F.2,16S-A6-F.5s,-2.61,-0.07
16S-A2-F.2,16S-A5-R.2,-2.03,-0.07
16S-A1-F.SNAP,16S-A2-R.3,-2.11,-0.07
16S-A2-F.1,16S-A4-R.1,-2.04,-0.04
16S-A2-F.2,16S-A4-R.1,-2.04,-0.04
16S-A4-R.1,16S-A4-R.2,-2.73,-0.04
16S-A4-R.2,16S-A4-R.4s,-1.69,-0.04
16S-A1-R.8s,16S-A3-F.1,-4.12,-0.04
16S-A2-F.1,16S-A4-R.4s,-1.43,-0.02
16S-A2-F.2,16S-A4-R.4s,-2.12,-0.02
16S-A1-R.1,16S-A5-F.3,-0.42,-0.02
16S-A1-R.1,16S-A5-F.1,-2.15,-0.02
16S-A3-F.1,16S-A6-F.5s,-1.57,-0.0
16S-A1-F.SNAP,16S-A4-F.1,-0.98,-0.0
16S-A6-F.2,16S-A6-F.2,-5.04,0.0
16S-A6-F.2,16S-A6-F.3,-2.99,0.0
16S-A6-F.2,16S-A6-F.4s,-3.33,0.0
16S-A6-F.2,16S-A6-F.5s,-3.26,0.0
16S-A6-F.2,16S-A6-R.1,-2.14,0.0
16S-A6-F.2,16S-A6-R.3,-2.14,0.0
16S-A5-R.2,16S-A6-F.5s,-2.8,0.0
16S-A5-R.2,16S-A6-R.1,-2.69,0.0
16S-A5-R.2,16S-A6-R.3,-2.69,0.0
16S-A6-F.1,16S-A6-F.1,-3.78,0.0
16S-A6-F.1,16S-A6-F.2,-4.41,0.0
16S-A6-F.1,16S-A6-F.3,-3.57,0.0
16S-A6-F.1,16S-A6-F.4s,-2.69,0.0
16S-A6-F.1,16S-A6-F.5s,-2.62,0.0
16S-A5-R.1,16S-A6-F.5s,-2.8,0.0
16S-A5-R.1,16S-A6-R.1,-2.69,0.0
16S-A5-R.1,16S-A6-R.3,-2.69,0.0
16S-A5-R.2,16S-A6-F.4s,-1.64,0.0
16S-A5-F.3,16S-A6-R.1,-3.3,0.0
16S-A5-F.3,16S-A6-R.3,-2.06,0.0
16S-A5-R.1,16S-A6-F.4s,-1.64,0.0
16S-A1-F.SNAP,16S-A6-R.1,-1.24,0.0
16S-A1-F.SNAP,16S-A3-F.1,-1.58,0.0
16S-A1-F.SNAP,16S-A3-F.2,0.0,0.0
16S-A1-F.SNAP,16S-A1-R.2,-2.15,0.0
16S-A1-F.SNAP,16S-A1-R.8s,-2.53,0.0
16S-A2-F.2,16S-A4-R.2,-2.17,0.0
16S-A2-F.1,16S-A6-F.5s,-2.61,0.0
16S-A2-F.1,16S-A5-F.1,-2.4,0.0
16S-A2-F.1,16S-A5-F.3,-4.42,0.0
16S-A2-F.1,16S-A5-R.2,-1.67,0.0
16S-A2-F.1,16S-A4-R.2,-2.04,0.0
16S-A1-R.9s,16S-A6-F.5s,-1.14,0.0
16S-A1-R.9s,16S-A6-R.1,-0.37,0.0
16S-A1-R.9s,16S-A6-R.3,-0.58,0.0
16S-A2-F.1,16S-A2-F.1,-2.26,0.0
16S-A2-R.2,16S-A6-F.1,-4.1,0.0
16S-A2-R.1,16S-A6-F.1,-2.78,0.0
16S-A1-R.9s,16S-A5-F.1,-2.02,0.0
16S-A1-R.9s,16S-A5-F.3,-1.02,0.0
16S-A1-R.9s,16S-A5-R.1,-1.82,0.0
16S-A1-R.9s,16S-A5-R.2,-1.75,0.0
16S-A1-R.9s,16S-A6-F.1,-1.2,0.0
16S-A1-R.9s,16S-A6-F.2,-3.31,0.0
16S-A1-R.9s,16S-A6-F.3,-1.14,0.0
16S-A1-R.9s,16S-A6-F.4s,-1.2,0.0
16S-A1-R.9s,16S-A3-F.1,-2.32,0.0
16S-A1-R.9s,16S-A3-F.2,-2.32,0.0
16S-A1-R.9s,16S-A3-R.1,-1.0,0.0
16S-A1-R.8s,16S-A6-R.1,-1.02,0.0
16S-A1-R.8s,16S-A6-R.3,-1.02,0.0
16S-A1-R.8s,16S-A5-F.3,-1.02,0.0
16S-A1-R.8s,16S-A5-R.1,-2.25,0.0
16S-A1-R.8s,16S-A5-R.2,-2.25,0.0
16S-A1-R.8s,16S-A6-F.1,-2.37,0.0
16S-A1-R.8s,16S-A6-F.2,-3.31,0.0
16S-A1-R.8s,16S-A6-F.3,-1.14,0.0
16S-A1-R.8s,16S-A6-F.4s,-1.27,0.0
16S-A1-R.8s,16S-A6-F.5s,-1.27,0.0
16S-A3-F.1,16S-A4-R.5s,-2.48,0.0
16S-A3-F.1,16S-A6-F.1,-4.17,0.0
16S-A3-F.1,16S-A6-F.2,-1.74,0.0
16S-A3-F.1,16S-A3-R.1,-1.5,0.0
16S-A3-F.1,16S-A4-R.1,-2.0,0.0
16S-A3-F.1,16S-A4-R.2,-2.48,0.0
16S-A2-R.3,16S-A6-F.3,-1.78,0.0
16S-A1-R.8s,16S-A3-R.1,-0.93,0.0
16S-A1-R.8s,16S-A4-F.1,-2.51,0.0
16S-A1-R.8s,16S-A4-R.2,-1.47,0.0
16S-A1-R.8s,16S-A4-R.5s,-1.84,0.0
16S-A1-R.8s,16S-A1-R.8s,-2.84,0.0
16S-A1-R.8s,16S-A2-R.2,-4.04,0.0
16S-A1-R.7s,16S-A5-R.2,-3.29,0.0
16S-A1-R.7s,16S-A6-F.1,-1.2,0.0
16S-A1-R.7s,16S-A6-F.2,-3.31,0.0
16S-A1-R.7s,16S-A6-F.3,-1.14,0.0
16S-A1-R.7s,16S-A6-F.4s,-1.37,0.0
16S-A1-R.7s,16S-A6-F.5s,-1.37,0.0
16S-A1-R.7s,16S-A6-R.1,-1.9,0.0
16S-A1-R.7s,16S-A6-R.3,-1.9,0.0
16S-A1-R.7s,16S-A5-F.1,-2.02,0.0
16S-A1-R.7s,16S-A5-F.3,-1.66,0.0
16S-A1-R.7s,16S-A5-R.1,-3.29,0.0
16S-A1-R.7s,16S-A3-F.2,-2.32,0.0
16S-A1-R.7s,16S-A3-R.1,-1.4,0.0
16S-A1-R.4,16S-A6-F.3,-1.37,0.0
16S-A1-R.4,16S-A6-F.4s,-1.37,0.0
16S-A1-R.4,16S-A6-F.5s,-1.37,0.0
16S-A1-R.4,16S-A6-R.1,-0.6,0.0
16S-A1-R.4,16S-A5-R.1,-1.24,0.0
16S-A1-R.4,16S-A5-R.2,-1.24,0.0
16S-A1-R.4,16S-A6-F.1,-1.2,0.0
16S-A1-R.4,16S-A6-F.2,-0.57,0.0
16S-A1-R.4,16S-A3-R.1,-1.4,0.0
16S-A3-R.1,16S-A5-F.3,-1.48,0.0
16S-A3-R.1,16S-A5-R.1,-0.67,0.0
16S-A3-R.1,16S-A5-R.2,-0.67,0.0
16S-A3-F.2,16S-A6-F.2,-1.74,0.0
16S-A3-F.2,16S-A6-F.3,-2.91,0.0
16S-A3-F.2,16S-A6-F.4s,-1.61,0.0
16S-A3-F.2,16S-A6-F.5s,-1.57,0.0
16S-A3-F.2,16S-A6-R.1,-1.44,0.0
16S-A3-R.1,16S-A3-R.1,-0.39,0.0
16S-A3-F.2,16S-A4-R.2,-2.48,0.0
16S-A3-F.2,16S-A4-R.5s,-2.48,0.0
16S-A3-F.2,16S-A5-R.1,-2.69,0.0
16S-A3-F.2,16S-A5-R.2,-2.69,0.0
16S-A3-F.2,16S-A6-F.1,-4.17,0.0
16S-A3-F.2,16S-A4-F.1,-1.63,0.0
16S-A3-F.2,16S-A4-R.1,-2.0,0.0
16S-A1-R.3,16S-A5-R.1,-1.24,0.0
16S-A1-R.3,16S-A5-R.2,-1.24,0.0
16S-A1-R.3,16S-A6-F.1,-1.2,0.0
16S-A1-R.3,16S-A6-F.2,-0.51,0.0
16S-A1-R.3,16S-A6-F.3,-1.37,0.0
16S-A1-R.3,16S-A6-F.4s,-1.37,0.0
16S-A1-R.3,16S-A6-F.5s,-1.37,0.0
16S-A1-R.3,16S-A6-R.1,-0.39,0.0
16S-A1-R.3,16S-A3-R.1,-1.4,0.0
16S-A4-R.1,16S-A5-F.1,-4.85,0.0
16S-A4-R.1,16S-A5-F.3,-1.87,0.0
16S-A4-R.1,16S-A6-F.1,-2.42,0.0
16S-A4-F.1,16S-A6-F.1,-0.32,0.0
16S-A4-F.1,16S-A6-F.2,-0.32,0.0
16S-A4-F.1,16S-A6-F.3,-0.32,0.0
16S-A4-F.1,16S-A6-F.4s,-1.49,0.0
16S-A4-F.1,16S-A6-F.5s,-0.65,0.0
16S-A4-F.1,16S-A6-R.1,-1.01,0.0
16S-A4-F.1,16S-A6-R.3,-1.01,0.0
16S-A4-R.1,16S-A4-R.1,-2.67,0.0
16S-A4-F.1,16S-A4-R.1,-0.79,0.0
16S-A4-F.1,16S-A4-R.2,-1.07,0.0
16S-A4-F.1,16S-A4-R.4s,-0.79,0.0
16S-A4-F.1,16S-A4-R.5s,-1.07,0.0
16S-A4-F.1,16S-A5-F.1,-1.76,0.0
16S-A4-F.1,16S-A5-F.3,-1.67,0.0
16S-A4-F.1,16S-A5-R.1,-1.28,0.0
16S-A4-F.1,16S-A5-R.2,-1.28,0.0
16S-A3-R.1,16S-A6-F.1,-1.37,0.0
16S-A3-R.1,16S-A6-F.2,-2.25,0.0
16S-A3-R.1,16S-A6-F.3,-1.37,0.0
16S-A3-R.1,16S-A6-F.4s,-0.63,0.0
16S-A3-R.1,16S-A6-F.5s,-0.63,0.0
16S-A3-R.1,16S-A6-R.1,-1.9,0.0
16S-A3-R.1,16S-A6-R.3,-1.9,0.0
16S-A1-R.2,16S-A6-F.4s,-1.37,0.0
16S-A1-R.2,16S-A6-F.5s,-1.37,0.0
16S-A1-R.2,16S-A6-R.1,0.0,0.0
16S-A1-R.2,16S-A6-R.3,0.0,0.0
16S-A1-R.2,16S-A5-F.3,-1.02,0.0
16S-A1-R.2,16S-A5-R.1,-1.24,0.0
16S-A1-R.2,16S-A5-R.2,-1.24,0.0
16S-A1-R.2,16S-A6-F.1,-1.2,0.0
16S-A1-R.2,16S-A6-F.2,-3.31,0.0
16S-A1-R.2,16S-A6-F.3,-1.37,0.0
16S-A1-R.2,16S-A3-R.1,-1.4,0.0
16S-A4-R.4s,16S-A6-R.1,-2.52,0.0
16S-A4-R.2,16S-A6-F.4s,-1.56,0.0
16S-A4-R.2,16S-A6-F.5s,-1.06,0.0
16S-A4-R.2,16S-A6-R.1,-2.25,0.0
16S-A4-R.2,16S-A6-R.3,-2.25,0.0
16S-A4-R.4s,16S-A5-F.1,-1.99,0.0
16S-A4-R.4s,16S-A5-F.3,-2.67,0.0
16S-A4-R.2,16S-A5-F.1,-4.85,0.0
16S-A4-R.2,16S-A5-F.3,-3.55,0.0
16S-A4-R.2,16S-A5-R.1,-1.59,0.0
16S-A4-R.2,16S-A5-R.2,-1.24,0.0
16S-A4-R.2,16S-A6-F.1,-1.6,0.0
16S-A4-R.2,16S-A6-F.2,-1.56,0.0
16S-A4-R.2,16S-A6-F.3,-3.29,0.0
16S-A4-R.1,16S-A6-F.3,-2.52,0.0
16S-A4-R.1,16S-A6-R.1,-2.13,0.0
16S-A4-R.1,16S-A6-R.3,-2.13,0.0
16S-A4-R.2,16S-A4-R.2,-2.8,0.0
16S-A5-F.3,16S-A5-F.3,-2.06,0.0
16S-A5-F.3,16S-A5-R.1,-1.76,0.0
16S-A5-F.3,16S-A5-R.2,-1.76,0.0
16S-A5-F.3,16S-A6-F.1,-2.92,0.0
16S-A5-F.3,16S-A6-F.2,-3.55,0.0
16S-A5-F.3,16S-A6-F.3,-2.75,0.0
16S-A5-F.3,16S-A6-F.4s,-1.83,0.0
16S-A5-F.3,16S-A6-F.5s,-1.76,0.0
16S-A5-F.1,16S-A5-R.2,-1.66,0.0
16S-A5-F.1,16S-A6-F.1,-1.74,0.0
16S-A5-F.1,16S-A6-F.2,-2.37,0.0
16S-A5-F.1,16S-A6-F.4s,-1.31,0.0
16S-A5-F.1,16S-A6-F.5s,-1.66,0.0
16S-A4-R.5s,16S-A6-F.3,-3.29,0.0
16S-A4-R.5s,16S-A6-F.4s,-1.56,0.0
16S-A4-R.5s,16S-A6-F.5s,-0.9,0.0
16S-A4-R.5s,16S-A6-R.1,-1.58,0.0
16S-A4-R.5s,16S-A6-R.3,-1.58,0.0
16S-A5-F.1,16S-A5-R.1,-1.66,0.0
16S-A4-R.4s,16S-A6-R.3,-2.52,0.0
16S-A4-R.5s,16S-A4-R.5s,-2.8,0.0
16S-A4-R.5s,16S-A5-F.1,-4.32,0.0
16S-A4-R.5s,16S-A5-F.3,-3.43,0.0
16S-A4-R.5s,16S-A5-R.1,-1.24,0.0
16S-A4-R.5s,16S-A5-R.2,-1.24,0.0
16S-A4-R.5s,16S-A6-F.1,-1.6,0.0
16S-A4-R.5s,16S-A6-F.2,-1.6,0.0
16S-A1-R.1,16S-A6-F.2,-1.0,0.0
16S-A1-R.1,16S-A6-F.3,-1.37,0.0
16S-A1-R.1,16S-A6-F.4s,-1.37,0.0
16S-A1-R.1,16S-A6-F.5s,-1.37,0.0
16S-A1-R.1,16S-A6-R.1,-1.23,0.0
16S-A1-R.1,16S-A6-R.3,-1.44,0.0
16S-A1-R.1,16S-A5-R.1,-1.75,0.0
16S-A1-R.1,16S-A5-R.2,-1.75,0.0
16S-A1-R.1,16S-A6-F.1,-1.2,0.0
16S-A1-R.1,16S-A3-R.1,-1.4,0.0
16S-A6-F.3,16S-A6-F.4s,-1.98,0.0
16S-A6-F.3,16S-A6-F.5s,-1.98,0.0
16S-A6-F.3,16S-A6-R.1,-1.97,0.0
16S-A6-F.3,16S-A6-R.3,-1.97,0.0
16S-A6-F.4s,16S-A6-F.4s,-2.55,0.0
16S-A6-F.4s,16S-A6-F.5s,-1.54,0.0
16S-A6-F.4s,16S-A6-R.1,0.0,0.0
16S-A6-F.4s,16S-A6-R.3,0.0,0.0
16S-A6-F.5s,16S-A6-F.5s,-1.47,0.0
16S-A6-F.5s,16S-A6-R.1,-2.3,0.0
16S-A6-F.5s,16S-A6-R.3,-2.3,0.0
16S-A6-R.1,16S-A6-R.1,-2.06,0.0
16S-A6-R.1,16S-A6-R.3,-2.06,0.0
16S-A6-R.3,16S-A6-R.3,-2.06,0.0
16S-A1-F.SNAP,16S-A1-F.SNAP,0.0,0.0
