level,db,amplicon,mean,worst
24,GG,V1·V2,0.8666915281042045,0.7631578947368421
24,GG,V3,0.9406968916247351,0.8157894736842105
24,GG,V4,0.9051831072427637,0.7840909090909091
24,GG,V5 (A3-F×V5-R),0.9236082275348798,0.7727272727272727
24,GG,V6·V7,0.9118311896484205,0.6842105263157895
24,GG,V8·V9,0.9181294983509914,0.6888888888888889
24,SILVA,V1·V2,0.8703847045913181,0.7888067581837381
24,SILVA,V3,0.9252878286960461,0.775
24,SILVA,V4,0.8854992960247139,0.7461139896373057
24,SILVA,V5 (A3-F×V5-R),0.9345658398467112,0.83125
24,SILVA,V6·V7,0.9094244916009021,0.810126582278481
24,SILVA,V8·V9,0.8743211530586233,0.7409326424870466
24,Ten_GG,V1·V2,0.4405940594059406,
24,Ten_GG,V3,0.8811881188118812,
24,Ten_GG,V4,0.8168316831683168,
24,Ten_GG,V5 (A3-F×V5-R),0.8861386138613861,
24,Ten_GG,V6·V7,0.7821782178217822,
24,Ten_GG,V8·V9,0.8217821782178217,
24,Ten_GG,>=3 个扩增子,0.9653465346534653,
24,Ten_SILVA,V1·V2,0.3295774647887324,
24,Ten_SILVA,V3,0.9408450704225352,
24,Ten_SILVA,V4,0.8845070422535212,
24,Ten_SILVA,V5 (A3-F×V5-R),0.9126760563380282,
24,Ten_SILVA,V6·V7,0.8647887323943662,
24,Ten_SILVA,V8·V9,0.23098591549295774,
24,Ten_SILVA,>=3 个扩增子,0.9323943661971831,
24,GG,全部 6 个扩增子,0.7035275465715418,
24,SILVA,全部 6 个扩增子,0.5763576001897083,
16,GG,V1·V2,0.8347321395229184,0.7233009708737864
16,GG,V3,0.935433733729998,0.7631578947368421
16,GG,V4,0.9051831072427637,0.7840909090909091
16,GG,V5 (A3-F×V5-R),0.9199687170828549,0.7727272727272727
16,GG,V6·V7,0.9020382906179973,0.6578947368421053
16,GG,V8·V9,0.9181294983509914,0.6888888888888889
16,SILVA,V1·V2,0.8287949501494548,0.6990496304118268
16,SILVA,V3,0.9235052975017503,0.775
16,SILVA,V4,0.8854992960247139,0.7461139896373057
16,SILVA,V5 (A3-F×V5-R),0.9312934873956581,0.825
16,SILVA,V6·V7,0.903472556752048,0.803921568627451
16,SILVA,V8·V9,0.8743211530586233,0.7409326424870466
16,Ten_GG,V1·V2,0.4405940594059406,
16,Ten_GG,V3,0.8514851485148515,
16,Ten_GG,V4,0.8168316831683168,
16,Ten_GG,V5 (A3-F×V5-R),0.8811881188118812,
16,Ten_GG,V6·V7,0.7673267326732673,
16,Ten_GG,V8·V9,0.8217821782178217,
16,Ten_GG,>=3 个扩增子,0.9603960396039604,
16,Ten_SILVA,V1·V2,0.29859154929577464,
16,Ten_SILVA,V3,0.9070422535211268,
16,Ten_SILVA,V4,0.8845070422535212,
16,Ten_SILVA,V5 (A3-F×V5-R),0.9070422535211268,
16,Ten_SILVA,V6·V7,0.8338028169014085,
16,Ten_SILVA,V8·V9,0.23098591549295774,
16,Ten_SILVA,>=3 个扩增子,0.9042253521126761,
16,GG,全部 6 个扩增子,0.6650812524772096,
16,SILVA,全部 6 个扩增子,0.5450557268200142,
12,GG,V1·V2,0.7364231350255233,0.41019417475728154
12,GG,V3,0.935433733729998,0.7631578947368421
12,GG,V4,0.9051831072427637,0.7840909090909091
12,GG,V5 (A3-F×V5-R),0.9199687170828549,0.7727272727272727
12,GG,V6·V7,0.862626997189072,0.42105263157894735
12,GG,V8·V9,0.7488391874361306,0.0
12,SILVA,V1·V2,0.7355401148034286,0.4244984160506864
12,SILVA,V3,0.9235052975017503,0.775
12,SILVA,V4,0.8854992960247139,0.7461139896373057
12,SILVA,V5 (A3-F×V5-R),0.9312934873956581,0.825
12,SILVA,V6·V7,0.8923144363542845,0.7254901960784313
12,SILVA,V8·V9,0.6989359880030249,0.031088082901554404
12,Ten_GG,V1·V2,0.3316831683168317,
12,Ten_GG,V3,0.8514851485148515,
12,Ten_GG,V4,0.8168316831683168,
12,Ten_GG,V5 (A3-F×V5-R),0.8811881188118812,
12,Ten_GG,V6·V7,0.47029702970297027,
12,Ten_GG,V8·V9,0.7227722772277227,
12,Ten_GG,>=3 个扩增子,0.8514851485148515,
12,Ten_SILVA,V1·V2,0.2535211267605634,
12,Ten_SILVA,V3,0.9070422535211268,
12,Ten_SILVA,V4,0.8845070422535212,
12,Ten_SILVA,V5 (A3-F×V5-R),0.9070422535211268,
12,Ten_SILVA,V6·V7,0.6704225352112676,
12,Ten_SILVA,V8·V9,0.16056338028169015,
12,Ten_SILVA,>=3 个扩增子,0.8647887323943662,
12,GG,全部 6 个扩增子,0.5330955212049148,
12,SILVA,全部 6 个扩增子,0.4122599004031302,
