oligos,expansions,abs60,abs300,frac0.8,acc3,accf,SILVA_amp_mean,SILVA_all,GG_amp_mean,GG_all,Ten_GG_ge3,Ten_SILVA_ge3,cov,ten,J,names,idx
1,2,0.0,0.0,0.0,0.0,0.0,0.0,0.0,0.0,0.0,0.0,0.0,0.0,0.0,0.0,A2-R,7
2,10,0.7067673547864805,0.0,0.7067673547864805,0.4711782365243203,0.710497079827681,0.15391754958362505,0.0,0.15590562228833302,0.0,0.0,0.0,0.15491158593597903,0.0,0.2884695552545533,A2-F.1 | A2-R,"5,7"
3,16,0.7024893746205222,0.6802519732847602,0.7112173649058895,0.6979862376037239,0.718803669008587,0.274300875016213,0.0,0.27865685672887514,0.0,0.0,0.0,0.27647886587254406,0.0,0.33176084496037705,A3-F.1 | A3-R | V5-R.1,"8,10,20"
4,22,0.8221387370977534,0.6655282331511839,0.8465012143290831,0.7780560615260068,0.8539389799635702,0.28722780524546165,0.0,0.2940019164994297,0.0,0.0,0.0,0.2906148608724457,0.0,0.38151794694533864,A2-F.1 | A2-R | A3-F.1 | A3-R,"5,7,8,10"
5,26,0.8567850637522769,0.6994535519125683,0.8631223436551305,0.8064536531066585,0.8710913782635094,0.428218424599838,0.0,0.4345624790172082,0.0,0.698019801980198,0.7718309859154929,0.4313904518085231,0.7349253939478455,0.6791357413399594,A2-F.1 | A2-R | A3-F.1 | A3-R | V5-R.1,"5,7,8,10,20"
7,36,0.8916970248937461,0.8778081360048573,0.9081663630843958,0.8925571746609998,0.9200819672131147,0.5447077559336755,0.0,0.5593690102565633,0.0,0.7821782178217822,0.7859154929577464,0.5520383830951194,0.7840468553897644,0.7520557352326662,A2-F.1 | A2-R | A3-F.1 | A3-R | A5-F.2 | A5-R | V5-R.1,"5,7,8,10,17,19,20"
9,52,0.9037644201578627,0.9087735276259866,0.909077109896782,0.9072050192268772,0.9241803278688525,0.6934268286593895,0.0,0.7031401764547418,0.0,0.8316831683168316,0.8450704225352113,0.6982835025570657,0.8383767954260215,0.8202802086173132,A2-F.1 | A2-R | A3-F.1 | A3-R | A4-F.1 | A4-R.1 | A5-F.2 | A5-R | V5-R.1,"5,7,8,10,11,14,17,19,20"
11,60,0.90262598664238,0.9010321797207043,0.8920006071645415,0.8985529245092087,0.9352610807528839,0.7834167133560693,0.3292625088925777,0.8005739847622997,0.4244946492271106,0.8564356435643564,0.8535211267605634,0.7919953490591845,0.8549783851624599,0.8607449383248428,A1-R.2 | A2-F.1 | A2-R | A3-F.1 | A3-R | A4-F.1 | A4-R.1 | A5-F.2 | A5-R | V5-R.1 | V1_f（SNAP）,"2,5,7,8,10,11,14,17,19,20,22"
11,62,0.8832726168791741,0.8951123254401943,0.9019429265330904,0.8934426229508196,0.932301153612629,0.8146551334618531,0.3721840170737491,0.825212946247104,0.48592944906856916,0.8514851485148515,0.8535211267605634,0.8199340398544785,0.8525031376377075,0.8682461103682716,A1-R.1 | A2-F.1 | A2-R | A3-F.1 | A3-R | A4-F.1 | A4-R.1 | A5-F.2 | A5-R | V5-R.1 | V1_f（SNAP）,"1,5,7,8,10,11,14,17,19,20,22"
12,68,0.8944292653309046,0.8919247115968427,0.9042956891317546,0.896883222019834,0.9359441408621735,0.8315593203509654,0.4485416172634574,0.8422621997085616,0.5501387237415775,0.8762376237623762,0.856338028169014,0.8369107600297635,0.8662878259656952,0.8797142422858775,A1-R.1 | A1-R.2 | A2-F.1 | A2-R | A3-F.1 | A3-R | A4-F.1 | A4-R.1 | A5-F.2 | A5-R | V5-R.1 | V1_f（SNAP）,"1,2,5,7,8,10,11,14,17,19,20,22"
12,70,0.8873709775349119,0.899666059502125,0.9074833029751063,0.8981734466707144,0.9379933211900424,0.8431530556823689,0.4075171923168129,0.8507480602391654,0.5279429250891795,0.8514851485148515,0.8647887323943662,0.8469505579607671,0.8581369404546089,0.8810269398684728,A1-R.1 | A2-F.1 | A2-R | A3-F.1 | A3-F.2 | A3-R | A4-F.1 | A4-R.1 | A5-F.2 | A5-R | V5-R.1 | V1_f（SNAP）,"1,5,7,8,9,10,11,14,17,19,20,22"
13,76,0.8998937462052216,0.8987553126897389,0.9068002428658166,0.901816433920259,0.9402701882210077,0.8600572425714811,0.5002371354043159,0.8677973137006229,0.6222750693618708,0.8762376237623762,0.8676056338028169,0.863927278136052,0.8719216287825966,0.8920396983798854,A1-R.1 | A1-R.2 | A2-F.1 | A2-R | A3-F.1 | A3-F.2 | A3-R | A4-F.1 | A4-R.1 | A5-F.2 | A5-R | V5-R.1 | V1_f（SNAP）,"1,2,5,7,8,9,10,11,14,17,19,20,22"
14,82,0.8989829993928354,0.8978445658773527,0.9058894960534305,0.900905687107873,0.9398148148148147,0.8615694245402266,0.5008299739151055,0.8732121054866331,0.6230677764565993,0.9108910891089109,0.8873239436619719,0.8673907650134298,0.8991075163854414,0.9021043654045618,A1-R.1 | A1-R.2 | A2-F.1 | A2-R | A3-F.1 | A3-F.2 | A3-R | A4-F.1 | A4-F.3(补) | A4-R.1 | A5-F.2 | A5-R | V1_f（SNAP） | V5_r（SNAP 907R）,"1,2,5,7,8,9,10,11,13,14,17,19,22,23"
14,84,0.8994383727990285,0.8982999392835458,0.9058894960534305,0.9012092693786683,0.9398148148148147,0.8619169293044416,0.5010671093194214,0.8743658626054438,0.6254458977407847,0.9158415841584159,0.8901408450704226,0.8681413959549427,0.9029912146144192,0.9036491417947256,A1-R.1 | A1-R.2 | A2-F.1 | A2-R | A3-F.1 | A3-F.2 | A3-R | A4-F.1 | A4-F.3(补) | A4-R.1 | A5-F.2 | A5-R | V5-R.1 | V1_f（SNAP）,"1,2,5,7,8,9,10,11,13,14,17,19,20,22"
15,88,0.8998937462052216,0.8982999392835458,0.9058894960534305,0.901361060514066,0.9398148148148147,0.8622140178368243,0.5010671093194214,0.8752430555878999,0.6254458977407847,0.9207920792079208,0.9098591549295775,0.868728536712362,0.9153256170687492,0.9079563228653086,A1-R.1 | A1-R.2 | A2-F.1 | A2-F.2(补) | A2-R | A3-F.1 | A3-F.2 | A3-R | A4-F.1 | A4-F.3(补) | A4-R.1 | A5-F.2 | A5-R | V5-R.1 | V1_f（SNAP）,"1,2,5,6,7,8,9,10,11,13,14,17,19,20,22"
15,92,0.8994383727990285,0.8982999392835458,0.9068002428658166,0.9015128516494636,0.9398148148148147,0.8691309363794515,0.508655442257529,0.8788196138247933,0.6286167261196988,0.9603960396039604,0.9042253521126761,0.8739752751021224,0.9323106958583183,0.9153669285917517,A1-R.1 | A1-R.2 | A2-F.1 | A2-R | A3-F.1 | A3-F.2 | A3-R | A4-F.1 | A4-F.3(补) | A4-R.1 | A5-F.2 | A5-F.3(补) | A5-R | V5-R.1 | V1_f（SNAP）,"1,2,5,7,8,9,10,11,13,14,17,18,19,20,22"
15,94,0.8993245294474802,0.8980722525804492,0.9087355798421372,0.9020441206233555,0.9376517911353975,0.8715161968622113,0.4717808868864121,0.881785646077971,0.5731272294887039,0.9603960396039604,0.9042253521126761,0.8766509214700912,0.9323106958583183,0.915537802821269,A1-R.1 | A1-R.2 | A2-F.1 | A2-R | A3-F.1 | A3-F.2 | A3-R | A4-F.1 | A4-F.3(补) | A4-R.1 | A5-F.1 | A5-F.3(补) | A5-R | V5-R.1 | V1_f（SNAP）,"1,2,5,7,8,9,10,11,13,14,16,18,19,20,22"
16,96,0.8998937462052216,0.8982999392835458,0.9068002428658166,0.9016646427848615,0.9398148148148147,0.8694280249118342,0.508655442257529,0.8796968068072494,0.6286167261196988,0.9653465346534653,0.923943661971831,0.8745624158595418,0.9446450983126482,0.9196741096623349,A1-R.1 | A1-R.2 | A2-F.1 | A2-F.2(补) | A2-R | A3-F.1 | A3-F.2 | A3-R | A4-F.1 | A4-F.3(补) | A4-R.1 | A5-F.2 | A5-F.3(补) | A5-R | V5-R.1 | V1_f（SNAP）,"1,2,5,6,7,8,9,10,11,13,14,17,18,19,20,22"
16,98,0.8980722525804492,0.8973891924711597,0.9054341226472373,0.9002985225662821,0.9393594414086216,0.8908002853828262,0.5448185914156983,0.9014271573057766,0.6623067776456599,0.9554455445544554,0.9014084507042254,0.8961137213443013,0.9284269976293404,0.9213000534607545,A1-R.1 | A1-R.2 | A2-F.1 | A2-R | A3-F.1 | A3-F.2 | A3-R | A4-F.1 | A4-F.3(补) | A4-R.1 | A5-F.1 | A5-F.2 | A5-F.3(补) | A5-R | V1_f（SNAP） | V5_r（SNAP 907R）,"1,2,5,7,8,9,10,11,13,14,16,17,18,19,22,23"
16,100,0.8985276259866423,0.8978445658773527,0.9054341226472373,0.9006021048370775,0.9393594414086216,0.8911477901470414,0.5450557268200142,0.9025809144245873,0.6650812524772096,0.9603960396039604,0.9042253521126761,0.8968643522858144,0.9323106958583183,0.9228448298509181,A1-R.1 | A1-R.2 | A2-F.1 | A2-R | A3-F.1 | A3-F.2 | A3-R | A4-F.1 | A4-F.3(补) | A4-R.1 | A5-F.1 | A5-F.2 | A5-F.3(补) | A5-R | V5-R.1 | V1_f（SNAP）,"1,2,5,7,8,9,10,11,13,14,16,17,18,19,20,22"
17,102,0.8985276259866423,0.8973891924711597,0.9054341226472373,0.9004503137016798,0.9393594414086216,0.891097373915209,0.5448185914156983,0.9023043502882326,0.6623067776456599,0.9603960396039604,0.923943661971831,0.8967008621017208,0.9421698507878957,0.9260767180994126,A1-R.1 | A1-R.2 | A2-F.1 | A2-F.2(补) | A2-R | A3-F.1 | A3-F.2 | A3-R | A4-F.1 | A4-F.3(补) | A4-R.1 | A5-F.1 | A5-F.2 | A5-F.3(补) | A5-R | V1_f（SNAP） | V5_r（SNAP 907R）,"1,2,5,6,7,8,9,10,11,13,14,16,17,18,19,22,23"
17,104,0.8989829993928354,0.8978445658773527,0.9054341226472373,0.9007538959724751,0.9393594414086216,0.8914448786794242,0.5450557268200142,0.9034581074070434,0.6650812524772096,0.9653465346534653,0.923943661971831,0.8974514930432338,0.9446450983126482,0.9271520109215011,A1-R.1 | A1-R.2 | A2-F.1 | A2-F.2(补) | A2-R | A3-F.1 | A3-F.2 | A3-R | A4-F.1 | A4-F.3(补) | A4-R.1 | A5-F.1 | A5-F.2 | A5-F.3(补) | A5-R | V5-R.1 | V1_f（SNAP）,"1,2,5,6,7,8,9,10,11,13,14,16,17,18,19,20,22"
18,110,0.9005009107468124,0.8979963570127505,0.9057377049180327,0.9014116575591985,0.9405737704918032,0.894277596148125,0.5545411429926488,0.9044310459608227,0.6702338485929449,0.9603960396039604,0.923943661971831,0.8993543210544739,0.9421698507878957,0.9273659807780575,A1-F | A1-R.1 | A1-R.2 | A2-F.1 | A2-F.2(补) | A2-R | A3-F.1 | A3-F.2 | A3-R | A4-F.1 | A4-F.3(补) | A4-R.1 | A5-F.1 | A5-F.2 | A5-F.3(补) | A5-R | V1_f（SNAP） | V5_r（SNAP 907R）,"0,1,2,5,6,7,8,9,10,11,13,14,16,17,18,19,22,23"
18,112,0.9009562841530054,0.8984517304189436,0.9057377049180327,0.9017152398299939,0.9405737704918032,0.8946251009123402,0.5545411429926488,0.9055848030796334,0.6730083234244947,0.9653465346534653,0.923943661971831,0.9001049519959867,0.9446450983126482,0.928441273600146,A1-F | A1-R.1 | A1-R.2 | A2-F.1 | A2-F.2(补) | A2-R | A3-F.1 | A3-F.2 | A3-R | A4-F.1 | A4-F.3(补) | A4-R.1 | A5-F.1 | A5-F.2 | A5-F.3(补) | A5-R | V5-R.1 | V1_f（SNAP）,"0,1,2,5,6,7,8,9,10,11,13,14,16,17,18,19,20,22"
19,114,0.9005009107468124,0.8979963570127505,0.9057377049180327,0.9014116575591985,0.9405737704918032,0.8947335761765434,0.5554896846099122,0.9056616079951479,0.6730083234244947,0.9653465346534653,0.923943661971831,0.9001975920858456,0.9446450983126482,0.928472153630099,A1-F | A1-R.1 | A1-R.2 | A2-F.1 | A2-F.2(补) | A2-R | A3-F.1 | A3-F.2 | A3-R | A4-F.1 | A4-F.3(补) | A4-R.1 | A5-F.1 | A5-F.2 | A5-F.3(补) | A5-R | V5-R.1 | V1_f（SNAP） | V5_r（SNAP 907R）,"0,1,2,5,6,7,8,9,10,11,13,14,16,17,18,19,20,22,23"
19,118,0.9025500910746812,0.8993624772313297,0.907103825136612,0.9030054644808744,0.9414845173041895,0.8963705678496876,0.564737965378231,0.9076117138229016,0.6896551724137931,0.9603960396039604,0.923943661971831,0.9019911408362946,0.9421698507878957,0.9285485029761267,A1-F | A1-R.1 | A1-R.2 | A1-R.3 | A2-F.1 | A2-F.2(补) | A2-R | A3-F.1 | A3-F.2 | A3-R | A4-F.1 | A4-F.3(补) | A4-R.1 | A5-F.1 | A5-F.2 | A5-F.3(补) | A5-R | V1_f（SNAP） | V5_r（SNAP 907R）,"0,1,2,3,5,6,7,8,9,10,11,13,14,16,17,18,19,22,23"
19,120,0.9030054644808743,0.8998178506375227,0.907103825136612,0.9033090467516697,0.9414845173041895,0.8967180726139026,0.564737965378231,0.9087654709417124,0.6924296472453428,0.9653465346534653,0.923943661971831,0.9027417717778075,0.9446450983126482,0.9296237957982151,A1-F | A1-R.1 | A1-R.2 | A1-R.3 | A2-F.1 | A2-F.2(补) | A2-R | A3-F.1 | A3-F.2 | A3-R | A4-F.1 | A4-F.3(补) | A4-R.1 | A5-F.1 | A5-F.2 | A5-F.3(补) | A5-R | V5-R.1 | V1_f（SNAP）,"0,1,2,3,5,6,7,8,9,10,11,13,14,16,17,18,19,20,22"
20,122,0.9025500910746812,0.8993624772313297,0.907103825136612,0.9030054644808744,0.9414845173041895,0.8968265478781059,0.5656865069954944,0.908842275857227,0.6924296472453428,0.9653465346534653,0.923943661971831,0.9028344118676664,0.9446450983126482,0.929654675828168,A1-F | A1-R.1 | A1-R.2 | A1-R.3 | A2-F.1 | A2-F.2(补) | A2-R | A3-F.1 | A3-F.2 | A3-R | A4-F.1 | A4-F.3(补) | A4-R.1 | A5-F.1 | A5-F.2 | A5-F.3(补) | A5-R | V5-R.1 | V1_f（SNAP） | V5_r（SNAP 907R）,"0,1,2,3,5,6,7,8,9,10,11,13,14,16,17,18,19,20,22,23"
20,126,0.9020947176684881,0.8984517304189436,0.907103825136612,0.9025500910746813,0.9414845173041895,0.8965863149731662,0.5650936684847048,0.9084398819133789,0.6904478795085216,0.9603960396039604,0.9295774647887324,0.9025130984432725,0.9449867521963464,0.9296614559812695,A1-F | A1-R.1 | A1-R.2 | A1-R.3 | A2-F.1 | A2-F.2(补) | A2-R | A3-F.1 | A3-F.2 | A3-R | A4-F.1 | A4-F.3(补) | A4-R.1 | A4-R.2(补) | A5-F.1 | A5-F.2 | A5-F.3(补) | A5-R | V1_f（SNAP） | V5_r（SNAP 907R）,"0,1,2,3,5,6,7,8,9,10,11,13,14,15,16,17,18,19,22,23"
20,128,0.9025500910746812,0.8989071038251366,0.907103825136612,0.9028536733454766,0.9414845173041895,0.8969338197373813,0.5650936684847048,0.9095936390321895,0.6932223543400713,0.9653465346534653,0.9295774647887324,0.9032637293847854,0.9474619997210989,0.9307367488033579,A1-F | A1-R.1 | A1-R.2 | A1-R.3 | A2-F.1 | A2-F.2(补) | A2-R | A3-F.1 | A3-F.2 | A3-R | A4-F.1 | A4-F.3(补) | A4-R.1 | A4-R.2(补) | A5-F.1 | A5-F.2 | A5-F.3(补) | A5-R | V5-R.1 | V1_f（SNAP）,"0,1,2,3,5,6,7,8,9,10,11,13,14,15,16,17,18,19,20,22"
21,130,0.9020947176684881,0.8984517304189436,0.907103825136612,0.9025500910746813,0.9414845173041895,0.8970422950015845,0.5660422101019682,0.909670443947704,0.6932223543400713,0.9653465346534653,0.9295774647887324,0.9033563694746443,0.9474619997210989,0.9307676288333108,A1-F | A1-R.1 | A1-R.2 | A1-R.3 | A2-F.1 | A2-F.2(补) | A2-R | A3-F.1 | A3-F.2 | A3-R | A4-F.1 | A4-F.3(补) | A4-R.1 | A4-R.2(补) | A5-F.1 | A5-F.2 | A5-F.3(补) | A5-R | V5-R.1 | V1_f（SNAP） | V5_r（SNAP 907R）,"0,1,2,3,5,6,7,8,9,10,11,13,14,15,16,17,18,19,20,22,23"
21,136,0.9025500910746812,0.8989071038251366,0.907103825136612,0.9028536733454766,0.9414845173041895,0.8985922515432133,0.5672278871235475,0.9096128402610681,0.6936187078874356,0.9653465346534653,0.9323943661971831,0.9041025459021408,0.9488704504253243,0.9314858378772182,A1-F | A1-R.1 | A1-R.2 | A1-R.3 | A1-R.4(补) | A2-F.1 | A2-F.2(补) | A2-R | A3-F.1 | A3-F.2 | A3-R | A4-F.1 | A4-F.3(补) | A4-R.1 | A4-R.2(补) | A5-F.1 | A5-F.2 | A5-F.3(补) | A5-R | V5-R.1 | V1_f（SNAP）,"0,1,2,3,4,5,6,7,8,9,10,11,13,14,15,16,17,18,19,20,22"
22,138,0.9020947176684881,0.8984517304189436,0.907103825136612,0.9025500910746813,0.9414845173041895,0.8987007268074164,0.568176428740811,0.9096896451765827,0.6936187078874356,0.9653465346534653,0.9323943661971831,0.9041951859919996,0.9488704504253243,0.9315167179071709,A1-F | A1-R.1 | A1-R.2 | A1-R.3 | A1-R.4(补) | A2-F.1 | A2-F.2(补) | A2-R | A3-F.1 | A3-F.2 | A3-R | A4-F.1 | A4-F.3(补) | A4-R.1 | A4-R.2(补) | A5-F.1 | A5-F.2 | A5-F.3(补) | A5-R | V5-R.1 | V1_f（SNAP） | V5_r（SNAP 907R）,"0,1,2,3,4,5,6,7,8,9,10,11,13,14,15,16,17,18,19,20,22,23"
22,144,0.9032331511839709,0.8995901639344263,0.9064207650273224,0.9030813600485731,0.9412568306010929,0.8993684935612103,0.57339340763576,0.9104168220089949,0.7003567181926278,0.9653465346534653,0.9323943661971831,0.9048926577851026,0.9488704504253243,0.9316733129371734,A1-F | A1-R.1 | A1-R.2 | A1-R.3 | A1-R.4(补) | A2-F.1 | A2-F.2(补) | A2-R | A3-F.1 | A3-F.2 | A3-R | A4-F.1 | A4-F.2 | A4-F.3(补) | A4-R.1 | A4-R.2(补) | A5-F.1 | A5-F.2 | A5-F.3(补) | A5-R | V5-R.1 | V1_f（SNAP）,"0,1,2,3,4,5,6,7,8,9,10,11,12,13,14,15,16,17,18,19,20,22"
23,146,0.9027777777777778,0.8991347905282332,0.9064207650273224,0.9027777777777777,0.9412568306010929,0.8994769688254135,0.5743419492530235,0.9104936269245094,0.7003567181926278,0.9653465346534653,0.9323943661971831,0.9049852978749615,0.9488704504253243,0.9317041929671263,A1-F | A1-R.1 | A1-R.2 | A1-R.3 | A1-R.4(补) | A2-F.1 | A2-F.2(补) | A2-R | A3-F.1 | A3-F.2 | A3-R | A4-F.1 | A4-F.2 | A4-F.3(补) | A4-R.1 | A4-R.2(补) | A5-F.1 | A5-F.2 | A5-F.3(补) | A5-R | V5-R.1 | V1_f（SNAP） | V5_r（SNAP 907R）,"0,1,2,3,4,5,6,7,8,9,10,11,12,13,14,15,16,17,18,19,20,22,23"
23,152,0.9032331511839709,0.8995901639344263,0.9055100182149363,0.9027777777777778,0.9412568306010929,0.8998054103721826,0.5754090585724448,0.9109466021688177,0.7035275465715418,0.9653465346534653,0.9323943661971831,0.9053760062705002,0.9488704504253243,0.9318344290989723,A1-F | A1-R.1 | A1-R.2 | A1-R.3 | A1-R.4(补) | A2-F.1 | A2-F.2(补) | A2-R | A3-F.1 | A3-F.2 | A3-R | A4-F.1 | A4-F.2 | A4-F.3(补) | A4-R.1 | A4-R.2(补) | A5-F.1 | A5-F.2 | A5-F.3(补) | A5-R | V5-R.1 | V5-R.2 | V1_f（SNAP）,"0,1,2,3,4,5,6,7,8,9,10,11,12,13,14,15,16,17,18,19,20,21,22"
24,154,0.9027777777777778,0.8991347905282332,0.9055100182149363,0.9024741955069824,0.9412568306010929,0.8999138856363857,0.5763576001897083,0.9110234070843324,0.7035275465715418,0.9653465346534653,0.9323943661971831,0.9054686463603591,0.9488704504253243,0.9318653091289253,A1-F | A1-R.1 | A1-R.2 | A1-R.3 | A1-R.4(补) | A2-F.1 | A2-F.2(补) | A2-R | A3-F.1 | A3-F.2 | A3-R | A4-F.1 | A4-F.2 | A4-F.3(补) | A4-R.1 | A4-R.2(补) | A5-F.1 | A5-F.2 | A5-F.3(补) | A5-R | V5-R.1 | V5-R.2 | V1_f（SNAP） | V5_r（SNAP 907R）,"0,1,2,3,4,5,6,7,8,9,10,11,12,13,14,15,16,17,18,19,20,21,22,23"
