pos,top_freq,entropy,gap,n
1,0.8235294117647058,0.8343470230852537,0.0,17
2,0.8888888888888888,0.5032583347756457,0.0,9
3,0.8333333333333334,0.6500224216483541,0.0,6
4,0.6666666666666666,1.2516291673878228,0.0,6
5,0.6,0.9709505944546686,0.0,5
6,0.5,1.5,0.0,4
7,0.75,0.8112781244591328,0.0,4
8,0.7857142857142857,0.9463729359854419,0.0,14
9,0.8,0.7219280948873623,0.0,15
10,0.6,1.287054028118727,0.06666666666666667,15
11,0.9333333333333333,-0.0,0.06666666666666667,15
12,0.6470588235294118,1.1994602933016414,0.058823529411764705,17
13,1.0,-0.0,0.0,16
14,1.0,-0.0,0.0,18
15,0.95,0.28639695711595625,0.0,20
16,1.0,-0.0,0.0,22
17,0.9545454545454546,0.26676498780302604,0.0,22
18,0.9545454545454546,0.26676498780302604,0.0,22
19,0.9090909090909091,0.5304060778306042,0.0,22
20,0.8636363636363636,0.699857857026928,0.0,22
21,0.625,-0.0,0.375,24
22,0.5333333333333333,1.423165806353889,0.03333333333333333,30
23,0.5675675675675675,1.3951986033101682,0.02702702702702703,37
24,0.6666666666666666,1.181350664975888,0.10606060606060606,66
25,0.8428571428571429,0.6304637248922713,0.02857142857142857,70
26,0.5324675324675324,1.7200567473560875,0.0,77
27,0.9487179487179487,0.23750814382859292,0.01282051282051282,78
28,0.6341463414634146,1.098504129660546,0.036585365853658534,82
29,0.6506024096385542,1.182852690804129,0.03614457831325301,83
30,0.782608695652174,0.9192134406335308,0.021739130434782608,92
31,0.8279569892473119,0.4835683750917698,0.07526881720430108,93
32,0.8085106382978723,0.7012384055621045,0.0851063829787234,94
33,0.5204081632653061,1.3893180321240355,0.07142857142857142,98
34,0.78,0.8619627228403823,0.01,100
35,0.41,0.8555698088471537,0.49,100
36,0.9306930693069307,0.32744491915447627,0.009900990099009901,101
37,0.9313725490196079,0.4200143295609381,0.0,102
38,0.5784313725490197,1.4617441623453011,0.0196078431372549,102
39,0.4854368932038835,1.573188131149063,0.0,103
40,0.7864077669902912,0.9173790818253154,0.009708737864077669,103
41,0.883495145631068,0.6143782630380242,0.0,103
42,0.9528301886792453,0.26439554376045843,0.009433962264150943,106
43,0.25471698113207547,1.7969040193650039,0.46226415094339623,106
44,0.7207207207207207,1.1615841085667156,0.02702702702702703,111
45,0.8245614035087719,0.6662438129191933,0.07017543859649122,114
46,0.8260869565217391,0.6440414895292037,0.0782608695652174,115
47,0.3130434782608696,1.5478313564819797,0.28695652173913044,115
48,0.5565217391304348,0.8841837197791889,0.30434782608695654,115
49,0.7130434782608696,0.25269370815319747,0.2608695652173913,115
50,0.6173913043478261,0.7812619621995073,0.2782608695652174,115
51,0.5517241379310345,1.110928317496406,0.2413793103448276,116
52,0.4117647058823529,1.4790768948745074,0.05042016806722689,119
53,0.3968253968253968,1.5537302620329627,0.10317460317460317,126
54,0.8888888888888888,0.0730661193138456,0.10317460317460317,126
55,0.5426356589147286,0.5290631811064453,0.40310077519379844,129
56,0.9384615384615385,0.22882879108058635,0.03076923076923077,130
57,0.9389312977099237,0.31790121541508787,0.015267175572519083,131
58,0.8257575757575758,0.7828230001910567,0.007575757575757576,132
59,0.47761194029850745,1.650930806972916,0.0,134
60,0.9117647058823529,0.5354390913228688,0.0,136
61,0.5182481751824818,1.1244449964414074,0.1678832116788321,137
62,0.9420289855072463,0.4062939082731033,0.0,138
63,0.6906474820143885,1.1341819746457151,0.050359712230215826,139
64,0.7769784172661871,0.6219929464065566,0.1223021582733813,139
65,0.460431654676259,1.4682508592454624,0.2517985611510791,139
66,0.4676258992805755,1.5139472793146538,0.26618705035971224,139
67,0.5714285714285714,1.0373026482565804,0.2642857142857143,140
68,0.6642857142857143,0.5854672073818852,0.2642857142857143,140
69,0.40425531914893614,1.765840001749163,0.19148936170212766,141
70,0.7943262411347518,0.485609094543589,0.14184397163120568,141
71,0.3617021276595745,1.6893926741805878,0.23404255319148937,141
72,0.3829787234042553,1.588883675195062,0.19858156028368795,141
73,0.5422535211267606,1.167981932418954,0.21830985915492956,142
74,0.625,1.090443951126915,0.2013888888888889,144
75,0.5486111111111112,1.1877995414177982,0.2013888888888889,144
76,0.3055555555555556,1.632158973477396,0.18055555555555555,144
77,0.6041666666666666,1.0794102559992975,0.2222222222222222,144
78,0.5172413793103449,1.3924376980556832,0.22758620689655173,145
79,0.696551724137931,0.7149961962538944,0.18620689655172415,145
80,0.7162162162162162,0.8074742153277688,0.1554054054054054,148
81,0.46357615894039733,1.3404994906383751,0.33112582781456956,151
82,0.5629139072847682,1.032140426875328,0.2980132450331126,151
83,0.6842105263157895,1.095848520079405,0.125,152
84,0.39473684210526316,1.6985700010404503,0.10526315789473684,152
85,0.5,1.6304054198851892,0.13157894736842105,152
86,0.7320261437908496,0.740993693565217,0.16339869281045752,153
87,0.5555555555555556,1.3913665471105443,0.16339869281045752,153
88,0.43790849673202614,1.5723154203208483,0.24836601307189543,153
89,0.6346153846153846,1.1725036906574045,0.16025641025641027,156
90,0.5192307692307693,1.3814637880900509,0.23076923076923078,156
91,0.44871794871794873,1.59188424808724,0.22435897435897437,156
92,0.6410256410256411,1.0950663382263268,0.16666666666666666,156
93,0.5897435897435898,1.217902891803377,0.20512820512820512,156
94,0.7133757961783439,1.0134856155807306,0.11464968152866242,157
95,0.445859872611465,1.4861937550102686,0.28662420382165604,157
96,0.3503184713375796,1.6782693606354249,0.28662420382165604,157
97,0.6582278481012658,1.1669742194736616,0.12025316455696203,158
98,0.6265822784810127,1.2034045676979017,0.13291139240506328,158
99,0.4620253164556962,1.539113760268396,0.13924050632911392,158
100,0.525,1.3515432909742107,0.21875,160
101,0.4409937888198758,1.4644816888737258,0.17391304347826086,161
102,0.5853658536585366,1.3382511816111302,0.1402439024390244,164
103,0.509090909090909,1.468061150980454,0.06060606060606061,165
104,0.9393939393939394,0.32931827205864145,0.012121212121212121,165
105,0.9281437125748503,0.39045213081320695,0.011976047904191617,167
106,0.9761904761904762,0.1463478328491078,0.005952380952380952,168
107,0.757396449704142,0.8673298343876639,0.01775147928994083,169
108,0.3136094674556213,1.9718748397696406,0.011834319526627219,169
109,0.9829545454545454,0.14016637215347139,0.0,176
110,0.8522727272727273,0.7282673528179024,0.0,176
111,0.576271186440678,1.438532857833402,0.01694915254237288,177
112,0.9719101123595506,0.10155006394002392,0.016853932584269662,178
113,0.9719101123595506,0.15579377956800672,0.0056179775280898875,178
114,0.9775280898876404,0.10106702615048631,0.011235955056179775,178
115,0.8146067415730337,0.7180750208504628,0.0056179775280898875,178
116,0.9606741573033708,0.1863496838649942,0.011235955056179775,178
117,0.9662921348314607,0.05128985879995681,0.02247191011235955,178
118,0.9832402234636871,0.0888796956845758,0.00558659217877095,179
119,0.9776536312849162,0.10058891409058197,0.0111731843575419,179
120,0.9720670391061452,0.12394986771100759,0.0111731843575419,179
121,0.7988826815642458,0.8039776938713998,0.05027932960893855,179
122,0.5418994413407822,1.3314726781944475,0.00558659217877095,179
123,0.4972067039106145,1.455300690823828,0.0,179
124,0.5277777777777778,1.117116735720894,0.22777777777777777,180
125,0.6166666666666667,1.1969473022983572,0.07777777777777778,180
126,0.9005524861878453,0.45372736523732105,0.027624309392265192,181
127,0.6304347826086957,1.403795818741396,0.03260869565217391,184
128,0.46195652173913043,1.6369240486485106,0.03260869565217391,184
129,0.8967391304347826,0.56126024101938,0.005434782608695652,184
130,0.9837837837837838,0.09737377933873728,0.005405405405405406,185
131,0.5675675675675675,1.4096605701280018,0.005405405405405406,185
132,0.9621621621621622,0.2844595647756699,0.0,185
133,0.9731182795698925,0.17207278180247337,0.005376344086021506,186
134,0.3924731182795699,1.6024124777549207,0.010752688172043012,186
135,0.9946236559139785,-0.0,0.005376344086021506,186
136,0.989247311827957,0.04848740692447222,0.005376344086021506,186
137,0.4946236559139785,1.1522844103815577,0.03225806451612903,186
138,0.5913978494623656,1.3912495829052998,0.043010752688172046,186
139,0.5967741935483871,1.3860187570965703,0.08064516129032258,186
140,0.3064516129032258,1.7560024044556775,0.3763440860215054,186
141,0.8064516129032258,0.8482469600300133,0.016129032258064516,186
142,0.9354838709677419,0.40833465408373704,0.0,186
143,0.5913978494623656,1.1940370718200222,0.0,186
144,0.5133689839572193,1.5057643547409636,0.0053475935828877,187
145,0.6737967914438503,1.4180560106106186,0.0053475935828877,187
146,0.8235294117647058,0.9122155902432931,0.0,187
147,0.8770053475935828,0.6792571912683718,0.0,187
148,0.7647058823529411,1.1435508004097144,0.0,187
149,0.983957219251337,0.14403135874062928,0.0,187
150,0.893048128342246,0.47577580251343543,0.0053475935828877,187
151,0.9946524064171123,-0.0,0.0053475935828877,187
152,0.9037433155080213,0.593245082041845,0.0,187
153,0.8877005347593583,0.5330765136232407,0.0213903743315508,187
154,0.7433155080213903,0.8401499977493574,0.016042780748663103,187
155,0.44919786096256686,1.4196167373302675,0.0962566844919786,187
156,0.93048128342246,0.4071836786967863,0.0,187
157,0.9197860962566845,0.46769802476503175,0.0053475935828877,187
158,0.946524064171123,0.348110746939737,0.0,187
159,0.9625668449197861,0.2734014234503198,0.0,187
160,0.9893048128342246,0.08536734654262206,0.0,187
161,0.9946524064171123,0.04805200605825788,0.0,187
162,0.9893048128342246,0.09606253370839746,0.0,187
163,0.9358288770053476,0.40795598620147944,0.0,187
164,0.8663101604278075,0.6319338959484896,0.0,187
165,0.9786096256684492,0.18126306734229025,0.0,187
166,0.4385026737967914,1.4259564578417663,0.0748663101604278,187
167,0.7379679144385026,0.9049583579398491,0.0,187
168,0.8877005347593583,0.2619825128207635,0.08021390374331551,187
169,0.5026737967914439,1.5078888939431894,0.0053475935828877,187
170,0.946524064171123,0.27950554563667995,0.0053475935828877,187
171,0.9679144385026738,0.15045116018085175,0.0106951871657754,187
172,1.0,-0.0,0.0,187
173,0.893048128342246,0.49051849858815827,0.03208556149732621,187
174,0.5668449197860963,1.4945472352624494,0.026737967914438502,187
175,0.9144385026737968,0.47369464433057074,0.0106951871657754,187
176,0.8663101604278075,0.6245364701231373,0.0106951871657754,187
177,0.48663101604278075,1.6474432546622642,0.0106951871657754,187
178,0.44919786096256686,1.4722681753566214,0.053475935828877004,187
179,0.9625668449197861,0.16873345148361657,0.016042780748663103,187
180,0.9625668449197861,0.22038925868203396,0.0106951871657754,187
181,0.8181818181818182,0.19665680028031668,0.16042780748663102,187
182,0.6417112299465241,1.0882247092318846,0.15508021390374332,187
183,0.48663101604278075,1.557622650235572,0.1711229946524064,187
184,0.7005347593582888,1.0625645159541106,0.0962566844919786,187
185,0.5721925133689839,1.3947876559079002,0.13368983957219252,187
186,0.46524064171123,1.635162449678576,0.1925133689839572,187
187,0.6203208556149733,1.308179776343142,0.12299465240641712,187
188,0.48128342245989303,1.5812232774081154,0.16042780748663102,187
189,0.5080213903743316,1.277450769112955,0.06951871657754011,187
190,0.7807486631016043,0.7787737393178609,0.0748663101604278,187
191,0.8074866310160428,0.8535552197307723,0.0481283422459893,187
192,0.6577540106951871,1.1147855705483365,0.13903743315508021,187
193,0.5775401069518716,1.3241260648207351,0.18181818181818182,187
194,0.5614973262032086,1.3455565947487451,0.18181818181818182,187
195,0.5187165775401069,1.6569567803656347,0.0962566844919786,187
196,0.5614973262032086,1.541268214731982,0.06951871657754011,187
197,0.5294117647058824,1.6113327987569845,0.03208556149732621,187
198,0.6684491978609626,1.2141039309848907,0.0962566844919786,187
199,0.6096256684491979,1.4587125547085538,0.0748663101604278,187
200,0.41711229946524064,1.81859542458937,0.0855614973262032,187
201,0.41711229946524064,1.8232618333147437,0.0748663101604278,187
202,0.5133689839572193,1.648891981808414,0.0748663101604278,187
203,0.47058823529411764,1.700556157590442,0.0481283422459893,187
204,0.40425531914893614,1.7623663542610737,0.05851063829787234,188
205,0.5957446808510638,1.432826643715116,0.07446808510638298,188
206,0.42021276595744683,1.7982665602011565,0.11170212765957446,188
207,0.5904255319148937,1.5217909092007709,0.06382978723404255,188
208,0.6117021276595744,1.4118747565522525,0.07446808510638298,188
209,0.6914893617021277,1.2450059715719433,0.05851063829787234,188
210,0.5531914893617021,1.4984572125011995,0.1276595744680851,188
211,0.4734042553191489,1.6948544583346292,0.11702127659574468,188
212,0.5904255319148937,1.4426052210803932,0.0797872340425532,188
213,0.648936170212766,1.298996840561173,0.09574468085106383,188
214,0.6190476190476191,1.2569812756835637,0.14814814814814814,189
215,0.5396825396825397,1.5264391747656585,0.14285714285714285,189
216,0.6084656084656085,1.2730575532316295,0.164021164021164,189
217,0.6349206349206349,1.3357076908273326,0.09523809523809523,189
218,0.4021164021164021,1.691826739690503,0.1693121693121693,189
219,0.4074074074074074,1.8292168311056318,0.1164021164021164,189
220,0.798941798941799,0.9834616317400092,0.015873015873015872,189
221,0.6613756613756614,1.0073704990657628,0.15343915343915343,189
222,0.6455026455026455,1.2289334927104927,0.1164021164021164,189
223,0.47619047619047616,1.655396229610068,0.1111111111111111,189
224,0.7037037037037037,1.2420979693530858,0.047619047619047616,189
225,0.30687830687830686,1.8074395197837383,0.07936507936507936,189
226,0.5555555555555556,1.3925598165679756,0.037037037037037035,189
227,0.9047619047619048,0.49971036861331086,0.021164021164021163,189
228,0.7671957671957672,0.9545159957067907,0.05291005291005291,189
229,0.8677248677248677,0.6397981267443213,0.031746031746031744,189
230,0.8518518518518519,0.6494737553339192,0.031746031746031744,189
231,0.2857142857142857,1.9343921074727637,0.13227513227513227,189
232,0.9682539682539683,0.24280818926879877,0.0,189
233,0.42328042328042326,1.7834372626330874,0.07936507936507936,189
234,0.6931216931216931,1.2020234174986097,0.06878306878306878,189
235,0.6084656084656085,1.184145060545916,0.12698412698412698,189
236,0.30158730158730157,1.827012134019952,0.26455026455026454,189
237,0.6507936507936508,0.9926625420120564,0.13756613756613756,189
238,0.3915343915343915,1.5988268689388194,0.164021164021164,189
239,0.5396825396825397,1.422356056833872,0.10052910052910052,189
240,0.5714285714285714,1.096203776588598,0.1746031746031746,189
241,0.5185185185185185,1.2788568726813303,0.1111111111111111,189
242,0.8359788359788359,0.706390948329765,0.026455026455026454,189
243,0.9206349206349206,0.3546914762870199,0.026455026455026454,189
244,0.9312169312169312,0.31780605870783885,0.021164021164021163,189
245,0.5608465608465608,0.9845801238152838,0.021164021164021163,189
246,0.9576719576719577,0.17207278180247337,0.021164021164021163,189
247,0.9629629629629629,0.228538143953528,0.0,189
248,0.7354497354497355,0.9390669774364119,0.015873015873015872,189
249,0.91005291005291,0.5260156368044502,0.0,189
250,0.43915343915343913,1.3901619107653256,0.1164021164021164,189
251,0.9947089947089947,0.047624942129031324,0.0,189
252,0.8677248677248677,0.44942932874827995,0.042328042328042326,189
253,0.8412698412698413,0.8231023053658686,0.005291005291005291,189
254,0.9259259259259259,0.30337483608641397,0.021164021164021163,189
255,0.8306878306878307,0.8078390690100694,0.0,189
256,0.7354497354497355,1.0744497223312524,0.0,189
257,0.8624338624338624,0.6319549530775007,0.026455026455026454,189
258,0.6772486772486772,0.8952722642402939,0.015873015873015872,189
259,0.7777777777777778,0.9157100198962982,0.015873015873015872,189
260,0.9841269841269841,0.132170790008936,0.0,189
261,0.9947089947089947,0.047624942129031324,0.0,189
262,0.9894179894179894,-0.0,0.010582010582010581,189
263,0.9735449735449735,0.1698260861750291,0.005291005291005291,189
264,0.5079365079365079,1.4819100607752682,0.0,189
265,0.9153439153439153,0.4991750203356021,0.0,189
266,0.7936507936507936,1.0410256441470842,0.0,189
267,0.7936507936507936,0.8151789790968988,0.0,189
268,0.6931216931216931,0.8895370754443257,0.0,189
269,0.8359788359788359,0.7708004189360574,0.021164021164021163,189
270,0.8042328042328042,0.9696806179590911,0.005291005291005291,189
271,0.7142857142857143,0.9683539634873652,0.10052910052910052,189
272,0.9682539682539683,0.19622145590114917,0.005291005291005291,189
273,0.7513227513227513,0.99691467950876,0.005291005291005291,189
274,0.8888888888888888,0.5042849569315224,0.010582010582010581,189
275,0.8095238095238095,0.7464626204614224,0.026455026455026454,189
276,0.8677248677248677,0.6412840239903433,0.010582010582010581,189
277,0.9841269841269841,0.09563385770905308,0.005291005291005291,189
278,0.5185185185185185,1.5103488091966275,0.0,189
279,0.798941798941799,0.9942874091296701,0.0,189
280,0.582010582010582,1.3940174837306076,0.05291005291005291,189
281,0.5185185185185185,1.2698625626446947,0.0,189
282,0.9682539682539683,0.14917750584496406,0.010582010582010581,189
283,0.49206349206349204,1.3211949615530532,0.042328042328042326,189
284,0.6507936507936508,1.0357480449804977,0.021164021164021163,189
285,0.6931216931216931,1.2505800222947,0.010582010582010581,189
286,0.8624338624338624,0.7371687290103348,0.005291005291005291,189
287,0.91005291005291,0.4832958806079054,0.0,189
288,0.9153439153439153,0.4590296979969421,0.005291005291005291,189
289,0.2804232804232804,0.7449230491364432,0.671957671957672,189
290,0.746031746031746,0.6719149393135442,0.12169312169312169,189
291,0.8994708994708994,0.5240768840537566,0.021164021164021163,189
292,0.9735449735449735,0.1698260861750291,0.005291005291005291,189
293,0.8624338624338624,0.7056768606663122,0.0,189
294,0.455026455026455,1.6389793134149633,0.0,189
295,0.5925925925925926,1.4424679984441653,0.0,189
296,0.9629629629629629,0.26502807491775954,0.0,189
297,1.0,-0.0,0.0,189
298,0.8465608465608465,0.7003420124360178,0.010582010582010581,189
299,0.9312169312169312,0.372483484581071,0.010582010582010581,189
300,0.9523809523809523,0.29449265318858553,0.005291005291005291,189
301,0.9470899470899471,0.2976804271052735,0.010582010582010581,189
302,0.5079365079365079,1.6302451377672063,0.005291005291005291,189
303,0.4021164021164021,1.6801655116521346,0.015873015873015872,189
304,0.4708994708994709,1.6257634025720216,0.021164021164021163,189
305,0.8571428571428571,0.7058458062669721,0.010582010582010581,189
306,0.5978835978835979,1.3913273154778274,0.021164021164021163,189
307,0.7619047619047619,0.9079144996418272,0.021164021164021163,189
308,0.9576719576719577,0.18288359261328418,0.021164021164021163,189
309,0.6296296296296297,1.317441339363696,0.06878306878306878,189
310,0.7671957671957672,0.8377733101164083,0.031746031746031744,189
311,0.23809523809523808,1.1446809935753657,0.6878306878306878,189
312,0.5714285714285714,0.926158206574361,0.21164021164021163,189
313,0.9523809523809523,0.28840091367940124,0.005291005291005291,189
314,0.9682539682539683,0.14917750584496406,0.010582010582010581,189
315,0.9523809523809523,0.2734014234503198,0.010582010582010581,189
316,0.3544973544973545,1.4437530189691483,0.4444444444444444,189
317,0.48677248677248675,1.118222116587037,0.021164021164021163,189
318,0.9629629629629629,0.18206943198887693,0.015873015873015872,189
319,0.9576719576719577,0.21535777312833435,0.015873015873015872,189
320,0.5238095238095238,1.7120350600624423,0.010582010582010581,189
321,0.5396825396825397,1.3317127466545946,0.010582010582010581,189
322,0.9947089947089947,0.047624942129031324,0.0,189
323,0.9841269841269841,0.14275280059094658,0.0,189
324,0.9894179894179894,0.09520928136928399,0.0,189
325,0.9947089947089947,0.047624942129031324,0.0,189
326,0.9894179894179894,0.09520928136928399,0.0,189
327,0.9947089947089947,0.047624942129031324,0.0,189
328,0.873015873015873,0.7201656717558198,0.0,189
329,0.9947089947089947,0.047624942129031324,0.0,189
330,0.37566137566137564,1.8571945083684964,0.0,189
331,0.9365079365079365,0.4033677824563605,0.0,189
332,0.671957671957672,1.1602010455787348,0.0,189
333,0.5396825396825397,1.5552679823733488,0.0,189
334,0.9576719576719577,0.3078416515411944,0.0,189
335,0.9735449735449735,0.20197635323348628,0.0,189
336,0.8201058201058201,0.8335932558463706,0.005291005291005291,189
337,0.8888888888888888,0.5869860483434262,0.005291005291005291,189
338,0.6825396825396826,0.6987003526563343,0.15873015873015872,189
339,0.7195767195767195,0.8560269189200371,0.0,189
340,0.15343915343915343,1.2382651015774901,0.6878306878306878,189
341,0.9576719576719577,0.1201543850557974,0.026455026455026454,189
342,0.9629629629629629,0.20390587550482003,0.005291005291005291,189
343,0.9947089947089947,0.047624942129031324,0.0,189
344,1.0,-0.0,0.0,189
345,0.9365079365079365,0.3994583905454613,0.0,189
346,0.9629629629629629,0.08650421412134598,0.026455026455026454,189
347,0.9788359788359788,0.09606253370839746,0.010582010582010581,189
348,0.9788359788359788,0.1650971453973625,0.0,189
349,0.8571428571428571,0.7095271010605979,0.0,189
350,0.7248677248677249,0.9688235015784269,0.0,189
351,0.9947089947089947,0.047624942129031324,0.0,189
352,0.9841269841269841,0.132170790008936,0.0,189
353,0.9947089947089947,0.047624942129031324,0.0,189
354,0.9206349206349206,0.46633810632324735,0.0,189
355,0.9894179894179894,-0.0,0.005291005291005291,189
356,0.9894179894179894,0.0846272707872734,0.0,189
357,0.9788359788359788,0.1650971453973625,0.0,189
358,0.8518518518518519,0.7336773347549586,0.005291005291005291,189
359,0.8994708994708994,0.587688486726609,0.005291005291005291,189
360,0.9259259259259259,0.42920808016117806,0.005291005291005291,189
361,0.9206349206349206,0.43820159856672014,0.005291005291005291,189
362,0.9682539682539683,0.21348269259176902,0.005291005291005291,189
363,0.9788359788359788,0.11809705541337559,0.005291005291005291,189
364,0.9894179894179894,0.047837447427700956,0.005291005291005291,189
365,0.8941798941798942,0.3571202135040976,0.0582010582010582,189
366,0.5555555555555556,1.0297500640868922,0.015873015873015872,189
367,0.783068783068783,0.8799720445084542,0.015873015873015872,189
368,0.9629629629629629,0.14981136747274792,0.015873015873015872,189
369,0.4603174603174603,1.29921736078465,0.037037037037037035,189
370,0.6190476190476191,1.0849622189302484,0.021164021164021163,189
371,0.49206349206349204,1.3512582436917508,0.026455026455026454,189
372,0.9947089947089947,-0.0,0.005291005291005291,189
373,0.9365079365079365,0.352905383047971,0.010582010582010581,189
374,0.9259259259259259,0.36447456603470685,0.015873015873015872,189
375,0.9894179894179894,-0.0,0.010582010582010581,189
376,0.873015873015873,0.42821294915904035,0.06349206349206349,189
377,0.7619047619047619,0.9263178311541105,0.05291005291005291,189
378,0.6243386243386243,1.3445117599749579,0.042328042328042326,189
379,0.7142857142857143,1.0483015743507738,0.042328042328042326,189
380,0.9470899470899471,0.2275292194096164,0.021164021164021163,189
381,0.6772486772486772,1.084809658034828,0.026455026455026454,189
382,0.9470899470899471,0.24704078954170727,0.021164021164021163,189
383,0.9523809523809523,0.15109697051711368,0.026455026455026454,189
384,0.7195767195767195,1.044858588480267,0.037037037037037035,189
385,0.6296296296296297,1.3243930965879127,0.042328042328042326,189
386,0.7777777777777778,0.9979331039919954,0.031746031746031744,189
387,0.6296296296296297,1.0736410974635158,0.031746031746031744,189
388,0.9523809523809523,0.13573504407999087,0.031746031746031744,189
389,0.9523809523809523,0.04938424432441281,0.042328042328042326,189
390,0.41798941798941797,1.281218964844295,0.14285714285714285,189
391,0.5873015873015873,0.9493018702963685,0.17989417989417988,189
392,0.4074074074074074,1.4317716146694623,0.15343915343915343,189
393,0.6455026455026455,0.9808250383560452,0.08994708994708994,189
394,0.8941798941798942,0.1773824921809291,0.08465608465608465,189
395,0.5185185185185185,1.386272505469091,0.14814814814814814,189
396,0.35978835978835977,1.854406139109602,0.15873015873015872,189
397,0.783068783068783,0.4265102507877271,0.164021164021164,189
398,0.35978835978835977,1.5849776060419474,0.2328042328042328,189
399,0.31216931216931215,1.8958867294241282,0.164021164021164,189
400,0.8359788359788359,0.4407491361728786,0.10582010582010581,189
401,0.8148148148148148,0.5302352050867696,0.10582010582010581,189
402,0.49206349206349204,1.5167089271321876,0.164021164021164,189
403,0.5978835978835979,1.0227227931485101,0.14814814814814814,189
404,0.798941798941799,0.3681233691840891,0.15343915343915343,189
405,0.6296296296296297,1.0264808794335043,0.17989417989417988,189
406,0.7777777777777778,0.20296212547775733,0.20105820105820105,189
407,0.43386243386243384,1.197087717009583,0.4021164021164021,189
408,0.26455026455026454,1.573974165759608,0.4497354497354497,189
409,0.4497354497354497,1.1877974352765834,0.3968253968253968,189
410,0.41798941798941797,1.15572729974292,0.42857142857142855,189
411,0.30687830687830686,1.438313693828051,0.4603174603174603,189
412,0.31746031746031744,1.6793284260037513,0.3968253968253968,189
413,0.5238095238095238,1.0795461248074543,0.30687830687830686,189
414,0.31216931216931215,1.6657457217036549,0.4126984126984127,189
415,0.36507936507936506,1.6038278211487218,0.3915343915343915,189
416,0.32275132275132273,1.6004630108259903,0.38095238095238093,189
417,0.582010582010582,0.9957062713922998,0.2804232804232804,189
418,0.5978835978835979,1.0119342404108904,0.25925925925925924,189
419,0.5661375661375662,1.3171810052321251,0.20634920634920634,189
420,0.5661375661375662,1.1576704690967665,0.25925925925925924,189
421,0.5502645502645502,1.2460013733930098,0.25396825396825395,189
422,0.5185185185185185,1.0358786204311021,0.3386243386243386,189
423,0.31746031746031744,1.750631548973961,0.3862433862433862,189
424,0.4444444444444444,1.3592698451542446,0.3544973544973545,189
425,0.4021164021164021,1.527812805295911,0.3333333333333333,189
426,0.4656084656084656,1.3371734563859836,0.31216931216931215,189
427,0.544973544973545,0.9796444017515459,0.328042328042328,189
428,0.4497354497354497,1.2937700093149775,0.37566137566137564,189
429,0.3386243386243386,1.2922118200228359,0.5132275132275133,189
430,0.26455026455026454,1.5511661268297208,0.5714285714285714,189
431,0.291005291005291,1.6318822589523703,0.4973544973544973,189
432,0.42328042328042326,1.3063203995062016,0.4074074074074074,189
433,0.5185185185185185,0.808831501602397,0.3915343915343915,189
434,0.36507936507936506,1.3341738490026547,0.47619047619047616,189
435,0.24867724867724866,1.6429415030022636,0.4444444444444444,189
436,0.6455026455026455,0.8278047792690961,0.23809523809523808,189
437,0.7195767195767195,0.5811115482366396,0.20634920634920634,189
438,0.6190476190476191,0.9300322360121991,0.24867724867724866,189
439,0.6878306878306878,0.7491871031973103,0.21164021164021163,189
440,0.43915343915343913,1.069344057145519,0.41798941798941797,189
441,0.2857142857142857,1.577127871342258,0.4708994708994709,189
442,0.3544973544973545,1.4416639171053824,0.42857142857142855,189
443,0.6507936507936508,0.5824321672879131,0.2804232804232804,189
444,0.2328042328042328,1.6537716651557528,0.5555555555555556,189
445,0.25925925925925924,1.5868631879290382,0.544973544973545,189
446,0.2751322751322751,1.5054829418675029,0.544973544973545,189
447,0.2857142857142857,1.502338220771991,0.5238095238095238,189
448,0.2804232804232804,1.463723386857779,0.5079365079365079,189
449,0.30158730158730157,1.5608409975322584,0.4973544973544973,189
450,0.2698412698412698,1.6817105582339456,0.4497354497354497,189
451,0.455026455026455,1.1947607506430586,0.36507936507936506,189
452,0.5343915343915344,1.040857394029023,0.31216931216931215,189
453,0.5079365079365079,1.049323047458261,0.3492063492063492,189
454,0.291005291005291,1.7071972856927045,0.35978835978835977,189
455,0.41798941798941797,1.3022344913227244,0.38095238095238093,189
456,0.35978835978835977,1.3357754193445173,0.4708994708994709,189
457,0.25396825396825395,1.6693360192553452,0.5238095238095238,189
458,0.5978835978835979,0.7057289708797133,0.31746031746031744,189
459,0.3968253968253968,1.185950267071907,0.4708994708994709,189
460,0.4126984126984127,1.308658871090235,0.4021164021164021,189
461,0.6190476190476191,0.5512319322992567,0.32275132275132273,189
462,0.48677248677248675,1.3851539189106934,0.2275132275132275,189
463,0.5661375661375662,0.7658518564068277,0.3333333333333333,189
464,0.5714285714285714,0.8988510803620282,0.31216931216931215,189
465,0.7037037037037037,0.3196068898183154,0.26455026455026454,189
466,0.6296296296296297,0.764436500606374,0.2751322751322751,189
467,0.37037037037037035,1.3678545866257468,0.2751322751322751,189
468,0.656084656084656,0.6380082130044187,0.26455026455026454,189
469,0.6031746031746031,0.809868745681394,0.291005291005291,189
470,0.23809523809523808,1.2477258212473872,0.5079365079365079,189
471,0.42328042328042326,0.49623213877486855,0.5396825396825397,189
472,0.36507936507936506,0.8354954906093908,0.5714285714285714,189
473,0.2804232804232804,1.3758300989068148,0.5873015873015873,189
474,0.5132275132275133,0.6270987413617259,0.42857142857142855,189
475,0.2751322751322751,1.4240824803669645,0.582010582010582,189
476,0.2698412698412698,1.3874089769122635,0.5978835978835979,189
477,0.36507936507936506,1.151303685480521,0.5238095238095238,189
478,0.32275132275132273,0.857010208477041,0.6190476190476191,189
479,0.21693121693121692,1.58961940543783,0.6349206349206349,189
480,0.31746031746031744,1.1457484790117325,0.5661375661375662,189
481,0.41798941798941797,0.6193197172299865,0.5238095238095238,189
482,0.35978835978835977,0.8496974015613341,0.5661375661375662,189
483,0.12698412698412698,1.8401180968987862,0.656084656084656,189
484,0.4708994708994709,0.5667016468436809,0.48148148148148145,189
485,0.2857142857142857,1.1585701393460326,0.6243386243386243,189
486,0.24338624338624337,1.2458646961561464,0.6613756613756614,189
487,0.291005291005291,0.7973482945936929,0.656084656084656,189
488,0.1746031746031746,1.5611048644944472,0.6984126984126984,189
489,0.24867724867724866,1.3716493632608429,0.6402116402116402,189
490,0.18518518518518517,1.859740894046157,0.5714285714285714,189
491,0.783068783068783,0.20188081533118699,0.19576719576719576,189
492,0.2804232804232804,1.6652160897865795,0.4021164021164021,189
493,0.37037037037037035,1.3300675725690831,0.4074074074074074,189
494,0.7777777777777778,0.38792116487286543,0.1693121693121693,189
495,0.7142857142857143,0.5100797897216557,0.2222222222222222,189
496,0.5978835978835979,0.8183232792840491,0.24867724867724866,189
497,0.49206349206349204,1.1366673737436859,0.21693121693121692,189
498,0.8201058201058201,0.29411590848991087,0.14285714285714285,189
499,0.8148148148148148,0.2307099556914764,0.15343915343915343,189
500,0.91005291005291,0.05128985879995681,0.08465608465608465,189
501,0.4603174603174603,1.5437695798994264,0.2222222222222222,189
502,0.5925925925925926,1.013834866982117,0.1693121693121693,189
503,0.43915343915343913,1.2935094800890385,0.24867724867724866,189
504,0.41798941798941797,1.7990844812257638,0.1111111111111111,189
505,0.91005291005291,0.17492920209795454,0.06878306878306878,189
506,0.873015873015873,0.1292337748458849,0.1111111111111111,189
507,0.5978835978835979,0.8360082618490725,0.18518518518518517,189
508,0.43915343915343913,1.4990775140294463,0.164021164021164,189
509,0.7619047619047619,0.05943184720325876,0.2328042328042328,189
510,0.7883597883597884,0.31526533955784414,0.164021164021164,189
511,0.5185185185185185,1.2273873380625642,0.19047619047619047,189
512,0.43386243386243384,1.3788373022282177,0.19576719576719576,189
513,0.5661375661375662,0.6290825327341625,0.36507936507936506,189
514,0.544973544973545,1.1468932123375772,0.10052910052910052,189
515,0.9470899470899471,0.04961407338355302,0.047619047619047616,189
516,0.9841269841269841,0.04805200605825788,0.005291005291005291,189
517,0.9576719576719577,0.17850426252471427,0.005291005291005291,189
518,0.7354497354497355,1.0179783378847178,0.005291005291005291,189
519,1.0,-0.0,0.0,189
520,0.9894179894179894,0.047837447427700956,0.0,189
521,0.9841269841269841,0.09563385770905307,0.005291005291005291,189
522,1.0,-0.0,0.0,189
523,0.9417989417989417,0.23228937853565246,0.021164021164021163,189
524,0.9682539682539683,0.2428081892687987,0.0,189
525,0.9947089947089947,0.047624942129031324,0.0,189
526,1.0,-0.0,0.0,189
527,0.9629629629629629,0.2796041992678308,0.0,189
528,0.9894179894179894,0.047837447427700956,0.0,189
529,0.9788359788359788,0.11809705541337559,0.005291005291005291,189
530,0.9788359788359788,-0.0,0.021164021164021163,189
531,0.9682539682539683,0.04870831254625328,0.026455026455026454,189
532,0.9841269841269841,0.08499555983671264,0.005291005291005291,189
533,0.9629629629629629,0.2246512719404058,0.005291005291005291,189
534,0.6243386243386243,1.2470997354529318,0.010582010582010581,189
535,0.9523809523809523,0.15109697051711368,0.026455026455026454,189
536,0.9576719576719577,0.04915669755001399,0.037037037037037035,189
537,0.36507936507936506,1.3231786784500499,0.37566137566137564,189
538,0.4497354497354497,1.4094305289469236,0.042328042328042326,189
539,0.3968253968253968,1.6177858272796133,0.0582010582010582,189
540,0.3862433862433862,1.562512820034908,0.20105820105820105,189
541,0.6190476190476191,1.4423412900540964,0.047619047619047616,189
542,0.656084656084656,0.9758360497847922,0.031746031746031744,189
543,0.4708994708994709,1.2305191169055762,0.042328042328042326,189
544,0.5132275132275133,1.5255203270212614,0.19047619047619047,189
545,0.9470899470899471,0.16948174193177273,0.031746031746031744,189
546,0.43386243386243384,1.660430222384425,0.07407407407407407,189
547,0.7619047619047619,0.7914704197104068,0.06349206349206349,189
548,0.9576719576719577,0.18288359261328418,0.021164021164021163,189
549,0.6931216931216931,1.1850426184551677,0.042328042328042326,189
550,0.9312169312169312,0.26723204946108553,0.031746031746031744,189
551,0.7142857142857143,0.7779627602488955,0.1746031746031746,189
552,0.873015873015873,0.5390367789138806,0.031746031746031744,189
553,0.48677248677248675,1.3587410170428866,0.21693121693121692,189
554,0.5132275132275133,1.461321027824332,0.037037037037037035,189
555,0.5343915343915344,1.3873874115228042,0.07407407407407407,189
556,0.8306878306878307,0.584281134185197,0.047619047619047616,189
557,0.6031746031746031,1.414266775642628,0.0582010582010582,189
558,0.2751322751322751,1.7621922216915262,0.25396825396825395,189
559,0.4973544973544973,1.6121510774004688,0.026455026455026454,189
560,0.43915343915343913,1.454575060519266,0.17989417989417988,189
561,0.6507936507936508,1.2486664635989486,0.005291005291005291,189
562,0.91005291005291,0.18553109650560948,0.06349206349206349,189
563,1.0,-0.0,0.0,189
564,0.9947089947089947,0.047624942129031324,0.0,189
565,0.8677248677248677,0.6038121263191998,0.005291005291005291,189
566,0.9947089947089947,-0.0,0.005291005291005291,189
567,0.9523809523809523,0.28840091367940124,0.005291005291005291,189
568,0.8994708994708994,0.4553595475852388,0.005291005291005291,189
569,1.0,-0.0,0.0,189
570,0.798941798941799,0.7240394551790453,0.0,189
571,0.7513227513227513,0.8027381019527041,0.0,189
572,0.9947089947089947,0.047624942129031324,0.0,189
573,0.9947089947089947,-0.0,0.005291005291005291,189
574,0.9682539682539683,0.20307392998664564,0.0,189
575,0.9947089947089947,0.047624942129031324,0.0,189
576,0.9417989417989417,0.3458411985020652,0.0,189
577,0.8941798941798942,0.6303233622266635,0.0,189
578,0.8677248677248677,0.5509844433017146,0.0,189
579,0.8677248677248677,0.6168431980481783,0.0,189
580,0.7619047619047619,0.8905676519226553,0.0,189
581,0.9788359788359788,0.14792723800140203,0.0,189
582,0.9947089947089947,0.047624942129031324,0.0,189
583,0.9841269841269841,0.132170790008936,0.0,189
584,1.0,-0.0,0.0,189
585,0.9629629629629629,0.13452403069921626,0.015873015873015872,189
586,0.9735449735449735,0.20197635323348628,0.0,189
587,0.8994708994708994,0.5980855478903849,0.0,189
588,0.9682539682539683,0.20307392998664564,0.0,189
589,0.9682539682539683,0.19622145590114917,0.0,189
590,0.4708994708994709,1.6032443054773249,0.031746031746031744,189
591,0.6931216931216931,1.1125245022604846,0.005291005291005291,189
592,0.6084656084656085,1.4938408386091573,0.021164021164021163,189
593,0.8148148148148148,0.9032300864822569,0.015873015873015872,189
594,0.4074074074074074,1.6498485149566724,0.08994708994708994,189
595,0.328042328042328,1.5352485543392187,0.25925925925925924,189
596,0.8677248677248677,0.643899946783973,0.026455026455026454,189
597,0.8783068783068783,0.6521394478994826,0.015873015873015872,189
598,0.8201058201058201,0.8510770668985137,0.005291005291005291,189
599,0.9841269841269841,0.11759466565886476,0.0,189
600,0.783068783068783,0.832151874443982,0.05291005291005291,189
601,0.4444444444444444,1.4005209293415721,0.09523809523809523,189
602,0.47619047619047616,1.59027610761594,0.010582010582010581,189
603,0.4497354497354497,1.572965841515258,0.031746031746031744,189
604,0.5079365079365079,1.659241227099527,0.037037037037037035,189
605,0.9259259259259259,0.45233848199945875,0.005291005291005291,189
606,0.7037037037037037,1.1154889115211741,0.0,189
607,0.5661375661375662,1.2689174429675465,0.06349206349206349,189
608,0.9947089947089947,0.047624942129031324,0.0,189
609,1.0,-0.0,0.0,189
610,1.0,-0.0,0.0,189
611,0.9206349206349206,0.43820159856672014,0.005291005291005291,189
612,0.7936507936507936,0.8204353028526502,0.0582010582010582,189
613,0.5132275132275133,1.5785429964673448,0.047619047619047616,189
614,0.32275132275132273,1.9742510400198878,0.021164021164021163,189
615,0.3439153439153439,1.8323692495099404,0.005291005291005291,189
616,0.4497354497354497,1.7702299277475189,0.005291005291005291,189
617,0.5661375661375662,1.5935893116883513,0.005291005291005291,189
618,0.783068783068783,1.078411468854421,0.005291005291005291,189
619,0.8624338624338624,0.4772598052945727,0.06878306878306878,189
620,0.8518518518518519,0.6749996584362042,0.042328042328042326,189
621,0.43386243386243384,1.4600732099307505,0.06878306878306878,189
622,0.9576719576719577,0.23683092744706394,0.005291005291005291,189
623,0.9576719576719577,0.31635826780805587,0.0,189
624,0.7936507936507936,0.7614388110945294,0.08465608465608465,189
625,0.656084656084656,1.341221865174131,0.05291005291005291,189
626,0.656084656084656,1.2927090735914926,0.08994708994708994,189
627,0.5185185185185185,1.6053679100612288,0.12169312169312169,189
628,0.5608465608465608,1.587664119671738,0.07407407407407407,189
629,0.7354497354497355,1.0767889853794932,0.06349206349206349,189
630,0.42328042328042326,1.426262354475002,0.2275132275132275,189
631,0.36507936507936506,1.802608074755959,0.12698412698412698,189
632,0.5767195767195767,1.3824666405395236,0.09523809523809523,189
633,0.708994708994709,1.0522504068073546,0.09523809523809523,189
634,0.7619047619047619,0.9448538177741674,0.06349206349206349,189
635,0.8148148148148148,0.7628789301879804,0.06349206349206349,189
636,0.3492063492063492,1.7558114289448197,0.23809523809523808,189
637,0.37566137566137564,1.6439919993032164,0.13756613756613756,189
638,0.455026455026455,1.642647808446797,0.010582010582010581,189
639,0.5502645502645502,1.5023495147291268,0.031746031746031744,189
640,0.9576719576719577,0.21941630808620247,0.015873015873015872,189
641,0.798941798941799,0.7752057600225271,0.005291005291005291,189
642,0.2751322751322751,1.576192229012825,0.4444444444444444,189
643,0.5132275132275133,1.484431893091616,0.005291005291005291,189
644,0.9788359788359788,0.16509714539736253,0.0,189
645,1.0,-0.0,0.0,189
646,0.9153439153439153,0.45422254080436936,0.010582010582010581,189
647,0.6084656084656085,1.081497270782943,0.164021164021164,189
648,0.3968253968253968,1.824384039255376,0.021164021164021163,189
649,0.5343915343915344,1.5365445794023413,0.026455026455026454,189
650,0.5978835978835979,1.4780593303790526,0.010582010582010581,189
651,0.8095238095238095,0.7812153658198165,0.026455026455026454,189
652,0.5608465608465608,1.614130864212787,0.005291005291005291,189
653,1.0,-0.0,0.0,189
654,0.9947089947089947,-0.0,0.005291005291005291,189
655,0.582010582010582,1.395343544319635,0.0,189
656,0.9947089947089947,-0.0,0.0,189
657,0.7407407407407407,0.8196004346196011,0.005291005291005291,189
658,0.9470899470899471,0.29863234443707515,0.0,189
659,0.6190476190476191,1.220261047343657,0.015873015873015872,189
660,0.7037037037037037,1.105356731857159,0.010582010582010581,189
661,0.7142857142857143,0.8602958755927952,0.1164021164021164,189
662,0.9206349206349206,0.3659679832695038,0.021164021164021163,189
663,0.9470899470899471,0.2548996784421719,0.010582010582010581,189
664,0.7936507936507936,0.7547744205509472,0.06349206349206349,189
665,0.8359788359788359,0.7538249147779259,0.037037037037037035,189
666,0.9417989417989417,0.33732052557562736,0.005291005291005291,189
667,0.91005291005291,0.40293244521978305,0.010582010582010581,189
668,0.8677248677248677,0.6184208679741904,0.031746031746031744,189
669,0.9153439153439153,0.5005204908681137,0.005291005291005291,189
670,0.3492063492063492,1.7823016913881664,0.0,189
671,0.38095238095238093,1.8898315006856186,0.0,189
672,0.6984126984126984,1.0817782932887152,0.0,189
673,0.8148148148148148,0.8873153213365562,0.0,189
674,0.3492063492063492,1.910503251430745,0.031746031746031744,189
675,0.5502645502645502,1.0439234469752083,0.2328042328042328,189
676,0.7301587301587301,0.3790746612323469,0.2222222222222222,189
677,0.6402116402116402,0.9893946102727484,0.09523809523809523,189
678,0.7724867724867724,0.8856754053961974,0.031746031746031744,189
679,0.5185185185185185,1.2230989588540064,0.021164021164021163,189
680,0.8783068783068783,0.629926824862939,0.015873015873015872,189
681,0.7407407407407407,0.9373785660128973,0.07407407407407407,189
682,0.798941798941799,0.9138104168535763,0.015873015873015872,189
683,0.4497354497354497,1.8160045508885723,0.06349206349206349,189
684,0.873015873015873,0.7296173101618777,0.005291005291005291,189
685,0.9788359788359788,0.14792723800140203,0.0,189
686,0.7142857142857143,0.46096903496741337,0.2222222222222222,189
687,0.9894179894179894,0.0846272707872734,0.0,189
688,0.8677248677248677,0.6552426247887386,0.005291005291005291,189
689,1.0,-0.0,0.0,189
690,0.91005291005291,0.47917320462041124,0.005291005291005291,189
691,0.7671957671957672,0.9665203073819186,0.0,189
692,0.8835978835978836,0.5189296599184945,0.0,189
693,0.9894179894179894,0.047837447427700956,0.0,189
694,0.8994708994708994,0.470670562322462,0.0,189
695,0.5978835978835979,1.1112927111802935,0.0,189
696,0.9788359788359788,0.16509714539736253,0.0,189
697,1.0,-0.0,0.0,189
698,0.9947089947089947,0.047624942129031324,0.0,189
699,0.9947089947089947,0.047624942129031324,0.0,189
700,0.42328042328042326,1.1866520111784458,0.3439153439153439,189
701,0.9365079365079365,0.30385675538388857,0.015873015873015872,189
702,0.48148148148148145,1.4184165737085526,0.13227513227513227,189
703,0.8835978835978836,0.2927533901319291,0.07407407407407407,189
704,0.7142857142857143,0.7532096513391044,0.1111111111111111,189
705,0.31746031746031744,1.851031647360958,0.20105820105820105,189
706,0.5555555555555556,0.9391657182044393,0.13227513227513227,189
707,0.2222222222222222,1.8360087323075223,0.4603174603174603,189
708,0.6613756613756614,1.057434932318711,0.0,189
709,0.8095238095238095,0.7720092150438914,0.0,189
710,0.8571428571428571,0.7678308719175837,0.010582010582010581,189
711,0.5238095238095238,1.5333911087762502,0.010582010582010581,189
712,0.91005291005291,0.5515108583925262,0.005291005291005291,189
713,0.6507936507936508,1.2462814581962538,0.005291005291005291,189
714,0.9047619047619048,0.5605843084354314,0.0,189
715,0.9947089947089947,0.047624942129031324,0.0,189
716,0.9841269841269841,0.11759466565886476,0.0,189
717,0.9206349206349206,0.4790484944216973,0.0,189
718,0.8201058201058201,0.8579394374112169,0.0,189
719,0.91005291005291,0.4967641479262009,0.0,189
720,0.9470899470899471,0.34741160871682975,0.0,189
721,0.9947089947089947,0.047624942129031324,0.0,189
722,0.48148148148148145,1.5800392811868769,0.0,189
723,0.9047619047619048,0.4537163391869448,0.0,189
724,0.9841269841269841,0.132170790008936,0.0,189
725,0.9470899470899471,0.33682959813481916,0.0,189
726,1.0,-0.0,0.0,189
727,0.9735449735449735,0.19538845641953637,0.0,189
728,0.9735449735449735,0.20197635323348628,0.0,189
729,0.9470899470899471,0.3706410241960001,0.0,189
730,1.0,-0.0,0.0,189
731,0.8571428571428571,0.5600056172218869,0.021164021164021163,189
732,0.9788359788359788,0.11809705541337559,0.005291005291005291,189
733,0.9788359788359788,0.048268648766538136,0.015873015873015872,189
734,0.8624338624338624,0.6620743277813457,0.026455026455026454,189
735,0.43386243386243384,1.6179959794285799,0.08994708994708994,189
736,0.6984126984126984,0.9698120981754924,0.09523809523809523,189
737,0.49206349206349204,1.4713101645363822,0.06349206349206349,189
738,0.4126984126984127,1.7656663601956957,0.05291005291005291,189
739,0.3544973544973545,1.875519834126678,0.021164021164021163,189
740,0.9417989417989417,0.37881715652540826,0.005291005291005291,189
741,0.7301587301587301,1.065558164984212,0.05291005291005291,189
742,0.5132275132275133,1.216854477053901,0.09523809523809523,189
743,0.6984126984126984,1.1015126366741737,0.047619047619047616,189
744,0.8994708994708994,0.4044114528784604,0.037037037037037035,189
745,0.31216931216931215,1.6519577895504463,0.2328042328042328,189
746,0.4444444444444444,1.3579436003121157,0.15873015873015872,189
747,0.47619047619047616,1.6766951758723458,0.0,189
748,0.41798941798941797,1.6580270869794005,0.0,189
749,0.8783068783068783,0.26834891776437525,0.08465608465608465,189
750,0.38095238095238093,1.9284168146835954,0.026455026455026454,189
751,0.9470899470899471,0.3234469261084657,0.0,189
752,0.5767195767195767,1.022708721507742,0.0,189
753,0.9947089947089947,0.047624942129031324,0.0,189
754,0.9894179894179894,0.09520928136928399,0.0,189
755,1.0,-0.0,0.0,189
756,0.8994708994708994,0.6097835092738777,0.0,189
757,0.9788359788359788,0.1690912591654232,0.0,189
758,0.9841269841269841,0.14275280059094658,0.0,189
759,0.8783068783068783,0.6792181546316308,0.0,189
760,0.9894179894179894,0.0846272707872734,0.0,189
761,0.9894179894179894,0.0846272707872734,0.0,189
762,0.8888888888888888,0.5813101738079114,0.0,189
763,0.873015873015873,0.5491087450260073,0.0,189
764,0.8624338624338624,0.6101837264219523,0.0,189
765,0.9735449735449735,0.21655247758355753,0.0,189
766,0.9894179894179894,-0.0,0.010582010582010581,189
767,0.9947089947089947,0.047624942129031324,0.0,189
768,0.8201058201058201,0.7142832244521002,0.0,189
769,0.8677248677248677,0.5828843104719085,0.005291005291005291,189
770,0.9947089947089947,-0.0,0.005291005291005291,189
771,0.5238095238095238,1.170543364853635,0.042328042328042326,189
772,0.5714285714285714,1.4193362958701172,0.0,189
773,0.9894179894179894,0.09520928136928399,0.0,189
774,1.0,-0.0,0.0,189
775,0.9894179894179894,0.0846272707872734,0.0,189
776,0.9153439153439153,0.42962261609274466,0.0,189
777,0.7671957671957672,0.8049348329277065,0.005291005291005291,189
778,0.8888888888888888,0.599160620171938,0.0,189
779,0.9947089947089947,0.047624942129031324,0.0,189
780,0.6190476190476191,0.9587118829771318,0.0,189
781,0.9894179894179894,0.0846272707872734,0.0,189
782,0.8359788359788359,0.8964770690159429,0.0,189
783,0.8201058201058201,0.9429898194017473,0.0,189
784,0.6666666666666666,0.9182958340544896,0.0,189
785,1.0,-0.0,0.0,189
786,0.9947089947089947,-0.0,0.0,189
787,0.9947089947089947,-0.0,0.0,189
788,1.0,-0.0,0.0,189
789,0.9947089947089947,-0.0,0.0,189
790,0.9947089947089947,0.047624942129031324,0.0,189
791,0.9841269841269841,0.09563385770905307,0.0,189
792,1.0,-0.0,0.0,189
793,0.9629629629629629,0.2504519505676883,0.0,189
794,1.0,-0.0,0.0,189
795,0.9947089947089947,-0.0,0.0,189
796,0.9947089947089947,0.047624942129031324,0.0,189
797,0.9947089947089947,0.047624942129031324,0.0,189
798,0.6666666666666666,0.9539917881014377,0.005291005291005291,189
799,0.7777777777777778,1.092856488238126,0.0,189
800,0.9523809523809523,0.3001601102563032,0.0,189
801,1.0,-0.0,0.0,189
802,0.9947089947089947,0.047624942129031324,0.0,189
803,0.9894179894179894,0.0846272707872734,0.0,189
804,0.9947089947089947,0.047624942129031324,0.0,189
805,1.0,-0.0,0.0,189
806,0.9947089947089947,0.047624942129031324,0.0,189
807,0.5925925925925926,1.342088430394247,0.0,189
808,0.5555555555555556,1.1536412888264054,0.010582010582010581,189
809,0.9788359788359788,0.048268648766538136,0.010582010582010581,189
810,0.8624338624338624,0.5778290813039613,0.0,189
811,0.5079365079365079,1.1257520780557795,0.0,189
812,0.9894179894179894,0.0846272707872734,0.0,189
813,1.0,-0.0,0.0,189
814,0.9788359788359788,0.1690912591654232,0.0,189
815,0.9947089947089947,0.047624942129031324,0.0,189
816,1.0,-0.0,0.0,189
817,0.8677248677248677,0.668808950585513,0.0,189
818,0.8465608465608465,0.8261291198786902,0.005291005291005291,189
819,0.783068783068783,0.8431586780534049,0.005291005291005291,189
820,0.9894179894179894,0.047837447427700956,0.005291005291005291,189
821,0.9894179894179894,0.0846272707872734,0.0,189
822,0.47619047619047616,1.4952156008718342,0.12698412698412698,189
823,0.5767195767195767,1.460484872992929,0.005291005291005291,189
824,0.455026455026455,1.7074327112452017,0.047619047619047616,189
825,0.544973544973545,1.2107353240169643,0.010582010582010581,189
826,0.6507936507936508,1.3333619368200174,0.015873015873015872,189
827,0.7301587301587301,1.1104794269778127,0.031746031746031744,189
828,0.6084656084656085,1.2263888068452877,0.031746031746031744,189
829,0.8042328042328042,0.6699557364369976,0.07407407407407407,189
830,0.7513227513227513,0.9686550593021864,0.042328042328042326,189
831,0.43915343915343913,1.5299015568568595,0.1693121693121693,189
832,0.6878306878306878,1.1750870147682697,0.021164021164021163,189
833,0.6031746031746031,1.4917429674653786,0.021164021164021163,189
834,0.6666666666666666,1.2941701969656376,0.06878306878306878,189
835,0.48148148148148145,1.737602183829814,0.021164021164021163,189
836,0.746031746031746,1.0743832950302554,0.042328042328042326,189
837,0.544973544973545,1.6457469209332554,0.0582010582010582,189
838,0.746031746031746,1.1251829424943376,0.026455026455026454,189
839,0.4497354497354497,1.8116363873208976,0.037037037037037035,189
840,0.6137566137566137,1.5289514505761166,0.026455026455026454,189
841,0.6825396825396826,1.2832560278111693,0.026455026455026454,189
842,0.5767195767195767,1.4720863164254292,0.05291005291005291,189
843,0.5132275132275133,1.5601778251994642,0.021164021164021163,189
844,0.7724867724867724,1.0094795532248764,0.037037037037037035,189
845,0.5925925925925926,1.5323832419834202,0.047619047619047616,189
846,0.7883597883597884,0.9436894742816472,0.042328042328042326,189
847,0.5661375661375662,1.5598879382855078,0.031746031746031744,189
848,0.6455026455026455,1.3858354927254941,0.0582010582010582,189
849,0.544973544973545,1.670400517470338,0.037037037037037035,189
850,0.7724867724867724,1.0941466560938498,0.010582010582010581,189
851,0.4603174603174603,1.7765149684322767,0.021164021164021163,189
852,0.6243386243386243,1.4481791649093365,0.0582010582010582,189
853,0.42328042328042326,1.2616563973941164,0.21164021164021163,189
854,0.9259259259259259,0.26839032676411184,0.037037037037037035,189
855,0.7777777777777778,0.8678630604575677,0.037037037037037035,189
856,0.8359788359788359,0.7267342101154134,0.021164021164021163,189
857,0.9259259259259259,0.4200664808885939,0.010582010582010581,189
858,0.9365079365079365,0.4290543061191824,0.0,189
859,0.30687830687830686,1.9850326378892673,0.0,189
860,0.9682539682539683,0.23222617868678813,0.0,189
861,0.9629629629629629,0.2438514872299633,0.005291005291005291,189
862,0.5238095238095238,1.595851905973191,0.010582010582010581,189
863,0.8994708994708994,0.5246485670922009,0.005291005291005291,189
864,0.9312169312169312,0.3424637724817959,0.0,189
865,0.9735449735449735,0.1485494904303482,0.005291005291005291,189
866,0.6931216931216931,0.9740584024636532,0.042328042328042326,189
867,0.48677248677248675,1.628644610804081,0.037037037037037035,189
868,0.7407407407407407,0.8507261585458298,0.010582010582010581,189
869,0.873015873015873,0.6203880273813014,0.010582010582010581,189
870,0.8677248677248677,0.6988426572053769,0.005291005291005291,189
871,0.8783068783068783,0.5966592946869802,0.0,189
872,0.9788359788359788,0.16509714539736253,0.0,189
873,0.9894179894179894,0.0846272707872734,0.0,189
874,0.8783068783068783,0.6021895406046693,0.0,189
875,0.544973544973545,1.30040785142771,0.005291005291005291,189
876,0.6084656084656085,1.49304516236327,0.021164021164021163,189
877,0.42857142857142855,1.5244290682053268,0.0,189
878,0.6243386243386243,0.8611990468526112,0.19047619047619047,189
879,0.9841269841269841,0.11759466565886476,0.0,189
880,0.9417989417989417,0.32026200878705646,0.0,189
881,0.783068783068783,0.7467366074830679,0.0,189
882,0.9841269841269841,0.11759466565886476,0.0,189
883,0.873015873015873,0.5676172508234878,0.0,189
884,0.9788359788359788,0.1690912591654232,0.0,189
885,0.9894179894179894,0.047837447427700956,0.005291005291005291,189
886,0.9894179894179894,0.0846272707872734,0.0,189
887,1.0,-0.0,0.0,189
888,0.6402116402116402,1.0363628101510254,0.0,189
889,0.9947089947089947,0.047624942129031324,0.0,189
890,0.9947089947089947,0.047624942129031324,0.0,189
891,0.9947089947089947,0.047624942129031324,0.0,189
892,0.9894179894179894,0.047837447427700956,0.0,189
893,0.91005291005291,0.43629318554373614,0.0,189
894,0.9629629629629629,0.2332131893576229,0.005291005291005291,189
895,0.798941798941799,0.9942874091296701,0.0,189
896,0.5185185185185185,1.1454294672785872,0.0,189
897,0.9682539682539683,0.20307392998664564,0.0,189
898,0.9947089947089947,0.047624942129031324,0.0,189
899,1.0,-0.0,0.0,189
900,1.0,-0.0,0.0,189
901,1.0,-0.0,0.0,189
902,1.0,-0.0,0.0,189
903,0.7724867724867724,0.9173190453348175,0.0,189
904,0.7671957671957672,1.0828708917732401,0.0,189
905,0.9629629629629629,0.2605055724189588,0.0,189
906,0.9682539682539683,0.23222617868678813,0.0,189
907,0.9947089947089947,0.047624942129031324,0.0,189
908,1.0,-0.0,0.0,189
909,1.0,-0.0,0.0,189
910,1.0,-0.0,0.0,189
911,0.9894179894179894,0.047837447427700956,0.0,189
912,1.0,-0.0,0.0,189
913,0.9629629629629629,0.2605055724189588,0.0,189
914,0.9947089947089947,0.047624942129031324,0.0,189
915,0.91005291005291,0.46532423475672957,0.0,189
916,0.9894179894179894,0.09520928136928399,0.0,189
917,0.9788359788359788,0.1650971453973625,0.0,189
918,0.9947089947089947,0.047624942129031324,0.0,189
919,1.0,-0.0,0.0,189
920,1.0,-0.0,0.0,189
921,0.9894179894179894,0.09520928136928399,0.0,189
922,1.0,-0.0,0.0,189
923,0.8994708994708994,0.48499668441878063,0.005291005291005291,189
924,0.9947089947089947,0.047624942129031324,0.0,189
925,1.0,-0.0,0.0,189
926,1.0,-0.0,0.0,189
927,1.0,-0.0,0.0,189
928,0.9947089947089947,0.047624942129031324,0.0,189
929,1.0,-0.0,0.0,189
930,0.5343915343915344,1.4043008174825227,0.0,189
931,0.6349206349206349,1.1516779628906741,0.0,189
932,0.5502645502645502,1.1582520284697941,0.0,189
933,0.5555555555555556,1.3495283853801774,0.021164021164021163,189
934,1.0,-0.0,0.0,189
935,0.9735449735449735,0.17628982957066436,0.0,189
936,0.9153439153439153,-0.0,0.08465608465608465,189
937,0.9735449735449735,0.17628982957066436,0.0,189
938,0.9206349206349206,0.4279824391073945,0.0,189
939,0.7883597883597884,0.7446062689599267,0.0,189
940,0.7883597883597884,0.7359732299712639,0.07936507936507936,189
941,0.9206349206349206,0.48898622823870785,0.005291005291005291,189
942,0.9894179894179894,0.0846272707872734,0.0,189
943,0.8571428571428571,0.5916727785823275,0.0,189
944,1.0,-0.0,0.0,189
945,0.6613756613756614,1.2005218852000605,0.0,189
946,0.9153439153439153,0.47731497861709893,0.0,189
947,0.9312169312169312,0.4226165517705694,0.0,189
948,0.7301587301587301,1.0939882919449992,0.0,189
949,0.6243386243386243,1.2020544577549424,0.06878306878306878,189
950,0.9947089947089947,0.047624942129031324,0.0,189
951,0.9682539682539683,0.20307392998664564,0.0,189
952,0.9841269841269841,0.132170790008936,0.0,189
953,0.9894179894179894,0.0846272707872734,0.0,189
954,1.0,-0.0,0.0,189
955,0.8941798941798942,0.47235881185254547,0.005291005291005291,189
956,1.0,-0.0,0.0,189
957,0.7037037037037037,0.915007777842689,0.0,189
958,0.9947089947089947,0.047624942129031324,0.0,189
959,1.0,-0.0,0.0,189
960,0.9947089947089947,0.047624942129031324,0.0,189
961,0.9365079365079365,0.3411538931451762,0.0,189
962,0.9365079365079365,0.41662829794142175,0.0,189
963,0.9523809523809523,0.2761954276479391,0.0,189
964,1.0,-0.0,0.0,189
965,0.544973544973545,1.4484721817657906,0.0,189
966,0.8783068783068783,0.6706477734691122,0.0,189
967,0.9576719576719577,0.2932655271911232,0.0,189
968,0.9682539682539683,0.24939608608274863,0.0,189
969,0.9947089947089947,0.047624942129031324,0.0,189
970,1.0,-0.0,0.0,189
971,0.9417989417989417,0.4098616507248687,0.0,189
972,1.0,-0.0,0.0,189
973,0.5291005291005291,1.121927774598444,0.005291005291005291,189
974,0.873015873015873,0.6961846403375866,0.0,189
975,0.544973544973545,1.1809014593253195,0.0,189
976,0.5026455026455027,0.3796344254108043,0.4656084656084656,189
977,0.91005291005291,0.419921097375718,0.005291005291005291,189
978,0.9947089947089947,-0.0,0.0,189
979,0.3492063492063492,1.825797601442659,0.021164021164021163,189
980,0.9576719576719577,0.31895205085394507,0.0,189
981,0.9894179894179894,0.047837447427700956,0.005291005291005291,189
982,0.5291005291005291,1.0394085542869211,0.0,189
983,0.9894179894179894,0.047837447427700956,0.0,189
984,0.91005291005291,0.14082518149655252,0.07407407407407407,189
985,0.9682539682539683,0.09693243129479986,0.021164021164021163,189
986,0.35978835978835977,1.4868191064461238,0.3968253968253968,189
987,0.9153439153439153,0.2840583303408163,0.037037037037037035,189
988,0.9470899470899471,0.17360681024960586,0.031746031746031744,189
989,0.35978835978835977,1.4380207715659,0.42328042328042326,189
990,0.43386243386243384,1.577950950323498,0.2222222222222222,189
991,0.49206349206349204,1.2144361228065814,0.3386243386243386,189
992,0.3968253968253968,1.7014297325156849,0.19047619047619047,189
993,0.9576719576719577,0.08689051827278471,0.031746031746031744,189
994,0.8783068783068783,0.29404677137750573,0.07936507936507936,189
995,0.7936507936507936,0.40131392165306323,0.13756613756613756,189
996,0.7301587301587301,0.9412540162761573,0.08994708994708994,189
997,0.6243386243386243,0.9432608078910357,0.2222222222222222,189
998,0.708994708994709,0.991997217644864,0.12169312169312169,189
999,0.37566137566137564,1.866227385108984,0.07936507936507936,189
1000,0.5238095238095238,1.123039011217598,0.010582010582010581,189
1001,0.42328042328042326,1.804956418507234,0.015873015873015872,189
1002,0.8095238095238095,0.8179408135937675,0.021164021164021163,189
1003,0.7883597883597884,0.7994430716481431,0.010582010582010581,189
1004,0.5661375661375662,1.4786092488466447,0.05291005291005291,189
1005,0.8571428571428571,0.5372928893951668,0.06349206349206349,189
1006,0.3439153439153439,1.5352511882792383,0.4497354497354497,189
1007,0.37037037037037035,1.5100561523404443,0.32275132275132273,189
1008,0.37037037037037035,1.6315653331638555,0.12169312169312169,189
1009,0.37037037037037035,1.1819141738305752,0.2328042328042328,189
1010,0.43386243386243384,1.3363335892000108,0.328042328042328,189
1011,0.6507936507936508,1.197191133570529,0.07407407407407407,189
1012,0.7671957671957672,0.5923137042213078,0.15343915343915343,189
1013,0.7195767195767195,0.5353098197235967,0.21164021164021163,189
1014,0.31746031746031744,1.673003703422802,0.42328042328042326,189
1015,0.7566137566137566,0.9987208817141919,0.042328042328042326,189
1016,0.48148148148148145,1.3980190649524782,0.06349206349206349,189
1017,0.6507936507936508,1.18311555773555,0.06878306878306878,189
1018,0.5502645502645502,1.4773676994686258,0.13756613756613756,189
1019,0.5608465608465608,1.2818560841455062,0.07936507936507936,189
1020,0.6931216931216931,1.1514860943806104,0.07936507936507936,189
1021,0.24338624338624337,1.6019860313425753,0.4021164021164021,189
1022,0.4708994708994709,1.2363090330109234,0.328042328042328,189
1023,0.49206349206349204,1.042511796033554,0.37566137566137564,189
1024,0.43386243386243384,1.6173290116505727,0.20105820105820105,189
1025,0.455026455026455,1.4172021691717225,0.2962962962962963,189
1026,0.5978835978835979,1.2304987476357545,0.14285714285714285,189
1027,0.8042328042328042,0.8198871468350285,0.031746031746031744,189
1028,0.6825396825396826,1.053806308315653,0.031746031746031744,189
1029,0.8359788359788359,0.37554928535679144,0.1164021164021164,189
1030,0.4973544973544973,1.3775389431277585,0.13756613756613756,189
1031,0.7513227513227513,0.8227074340474949,0.1164021164021164,189
1032,0.4444444444444444,1.708469449639556,0.12169312169312169,189
1033,0.3439153439153439,1.9187580239622415,0.13227513227513227,189
1034,0.7724867724867724,0.8827619648905678,0.07936507936507936,189
1035,0.6243386243386243,0.5428819660342024,0.31746031746031744,189
1036,0.6666666666666666,1.2834336141137688,0.0582010582010582,189
1037,0.6190476190476191,1.46577718167885,0.042328042328042326,189
1038,0.37037037037037035,1.55806083877679,0.12169312169312169,189
1039,0.455026455026455,1.470164709246623,0.08465608465608465,189
1040,0.7248677248677249,1.226464847707634,0.021164021164021163,189
1041,0.8148148148148148,0.79300748218841,0.010582010582010581,189
1042,0.783068783068783,0.8878810640992056,0.031746031746031744,189
1043,1.0,-0.0,0.0,189
1044,0.3492063492063492,0.11190990870168403,0.6455026455026455,189
1045,0.31216931216931215,0.5794610831950376,0.6455026455026455,189
1046,0.9470899470899471,0.19963247708798082,0.026455026455026454,189
1047,0.9576719576719577,0.04915669755001399,0.037037037037037035,189
1048,0.9841269841269841,0.04805200605825788,0.010582010582010581,189
1049,0.5079365079365079,1.0417253388443493,0.021164021164021163,189
1050,0.8941798941798942,0.5024224965837503,0.005291005291005291,189
1051,0.8306878306878307,0.7997319909423287,0.015873015873015872,189
1052,0.9365079365079365,0.2569696639504173,0.021164021164021163,189
1053,0.9947089947089947,0.047624942129031324,0.0,189
1054,1.0,-0.0,0.0,189
1055,0.9947089947089947,0.047624942129031324,0.0,189
1056,0.9841269841269841,0.11759466565886476,0.0,189
1057,0.9947089947089947,0.047624942129031324,0.0,189
1058,1.0,-0.0,0.0,189
1059,0.9947089947089947,0.047624942129031324,0.0,189
1060,0.9894179894179894,0.0846272707872734,0.0,189
1061,0.8518518518518519,0.6051865766334206,0.0,189
1062,0.7407407407407407,0.9938349807052764,0.0,189
1063,1.0,-0.0,0.0,189
1064,0.9788359788359788,0.13275071233977703,0.005291005291005291,189
1065,0.6402116402116402,1.2058841100189994,0.0,189
1066,1.0,-0.0,0.0,189
1067,0.9788359788359788,0.14792723800140203,0.0,189
1068,1.0,-0.0,0.0,189
1069,0.5661375661375662,0.9873417262125774,0.0,189
1070,0.9841269841269841,0.132170790008936,0.0,189
1071,0.9947089947089947,0.047624942129031324,0.0,189
1072,1.0,-0.0,0.0,189
1073,1.0,-0.0,0.0,189
1074,0.544973544973545,1.0357462132603523,0.0,189
1075,0.8994708994708994,0.5733565615109364,0.0,189
1076,0.7619047619047619,0.7918583525674836,0.0,189
1077,0.9735449735449735,0.20197635323348628,0.0,189
1078,0.9523809523809523,0.2761954276479391,0.0,189
1079,0.8253968253968254,0.668127333843614,0.0,189
1080,0.9841269841269841,0.11759466565886476,0.0,189
1081,0.7566137566137566,0.8006262806341293,0.0,189
1082,0.9047619047619048,0.5605843084354314,0.0,189
1083,0.5079365079365079,0.999818246960343,0.0,189
1084,0.8624338624338624,0.6101837264219522,0.0,189
1085,0.9947089947089947,0.047624942129031324,0.0,189
1086,0.8042328042328042,0.894036499030396,0.0,189
1087,0.9523809523809523,0.34055943313143394,0.0,189
1088,0.7354497354497355,1.1641039802060538,0.0,189
1089,0.9047619047619048,0.4537163391869448,0.0,189
1090,0.9788359788359788,0.14792723800140203,0.0,189
1091,0.9417989417989417,0.32026200878705646,0.0,189
1092,0.9947089947089947,0.047624942129031324,0.0,189
1093,0.9947089947089947,0.047624942129031324,0.0,189
1094,0.9682539682539683,0.21749805164583003,0.005291005291005291,189
1095,0.9788359788359788,0.11809705541337559,0.005291005291005291,189
1096,0.8941798941798942,0.5024224965837503,0.005291005291005291,189
1097,0.7195767195767195,1.172484376882601,0.0,189
1098,0.9312169312169312,0.46182242232198245,0.0,189
1099,0.8042328042328042,0.8940364990303958,0.0,189
1100,0.5291005291005291,1.4131220967572835,0.0,189
1101,0.9894179894179894,0.0846272707872734,0.0,189
1102,0.9894179894179894,0.0846272707872734,0.0,189
1103,1.0,-0.0,0.0,189
1104,0.9947089947089947,0.047624942129031324,0.0,189
1105,0.9629629629629629,0.228538143953528,0.0,189
1106,0.6772486772486772,1.039377259619683,0.0,189
1107,0.9947089947089947,-0.0,0.005291005291005291,189
1108,0.9153439153439153,0.4014290521282696,0.005291005291005291,189
1109,0.9841269841269841,0.04805200605825788,0.010582010582010581,189
1110,0.9841269841269841,0.08499555983671264,0.005291005291005291,189
1111,0.9788359788359788,0.16509714539736253,0.0,189
1112,0.9417989417989417,0.3458411985020652,0.0,189
1113,1.0,-0.0,0.0,189
1114,0.9312169312169312,0.3424637724817959,0.005291005291005291,189
1115,0.328042328042328,1.963392404729511,0.047619047619047616,189
1116,0.5343915343915344,1.2900353335802364,0.010582010582010581,189
1117,0.4656084656084656,1.4376915596917146,0.031746031746031744,189
1118,0.5238095238095238,1.3344059176618233,0.037037037037037035,189
1119,0.8306878306878307,0.8204215725961469,0.005291005291005291,189
1120,0.783068783068783,1.0674357233330496,0.010582010582010581,189
1121,0.5238095238095238,1.5777692873339753,0.06878306878306878,189
1122,0.6137566137566137,1.3280332781249582,0.005291005291005291,189
1123,0.708994708994709,0.9588894910631797,0.0,189
1124,0.8148148148148148,0.8745845781228444,0.005291005291005291,189
1125,0.9576719576719577,0.2872060191079133,0.0,189
1126,1.0,-0.0,0.0,189
1127,0.8888888888888888,0.6283128688720807,0.0,189
1128,0.9312169312169312,0.32530239356142165,0.021164021164021163,189
1129,0.5608465608465608,1.4571174800447761,0.0,189
1130,0.9365079365079365,0.40723973968312893,0.0,189
1131,0.48677248677248675,1.7219524548853278,0.07936507936507936,189
1132,0.8201058201058201,0.8621086165609424,0.021164021164021163,189
1133,0.5502645502645502,1.634135067311413,0.026455026455026454,189
1134,0.4656084656084656,1.8154713948481949,0.031746031746031744,189
1135,0.8571428571428571,0.7562334052069681,0.015873015873015872,189
1136,0.7883597883597884,1.0155792732699627,0.015873015873015872,189
1137,0.8148148148148148,0.915958307881052,0.021164021164021163,189
1138,0.3333333333333333,1.9585923187268925,0.06349206349206349,189
1139,0.746031746031746,1.1817028030939818,0.015873015873015872,189
1140,0.7301587301587301,1.1604141525739926,0.010582010582010581,189
1141,0.49206349206349204,1.7300157960473364,0.037037037037037035,189
1142,0.4074074074074074,1.844663097492377,0.031746031746031744,189
1143,0.8677248677248677,0.5917615611086482,0.026455026455026454,189
1144,0.8412698412698413,0.836891882256425,0.0,189
1145,0.9576719576719577,0.31895205085394507,0.0,189
1146,0.4973544973544973,1.674368329272446,0.0,189
1147,0.9206349206349206,0.5133883092136182,0.0,189
1148,0.9523809523809523,0.31770822753220407,0.005291005291005291,189
1149,0.5608465608465608,1.3308319110913645,0.015873015873015872,189
1150,0.7566137566137566,1.0374571213823416,0.021164021164021163,189
1151,0.6137566137566137,1.1987944501946322,0.026455026455026454,189
1152,0.49206349206349204,1.6301728846064116,0.0,189
1153,0.5291005291005291,1.6178129299369797,0.0,189
1154,0.8201058201058201,0.9511074238140869,0.0,189
1155,0.8941798941798942,0.5404051834717787,0.015873015873015872,189
1156,0.5714285714285714,0.9335289015212996,0.12169312169312169,189
1157,0.9312169312169312,0.36436607275014127,0.010582010582010581,189
1158,0.9947089947089947,0.047624942129031324,0.0,189
1159,0.9735449735449735,0.19538845641953637,0.0,189
1160,0.5555555555555556,1.032485534502884,0.0,189
1161,1.0,-0.0,0.0,189
1162,0.9576719576719577,0.04915669755001399,0.037037037037037035,189
1163,0.7354497354497355,0.8709535804633333,0.0,189
1164,0.4656084656084656,1.7510144463681558,0.06878306878306878,189
1165,0.48677248677248675,1.4658563993793843,0.010582010582010581,189
1166,0.5079365079365079,1.1474694106466186,0.010582010582010581,189
1167,0.9576719576719577,0.2514937422819613,0.005291005291005291,189
1168,0.4444444444444444,1.5735264439286984,0.026455026455026454,189
1169,0.8306878306878307,0.7620771991634299,0.042328042328042326,189
1170,0.9417989417989417,0.37881715652540826,0.005291005291005291,189
1171,0.9788359788359788,0.16509714539736253,0.0,189
1172,0.5396825396825397,1.167207838179068,0.0,189
1173,0.4603174603174603,1.7213075825814734,0.0,189
1174,0.48677248677248675,1.7175244586740561,0.037037037037037035,189
1175,0.6984126984126984,0.869137580612638,0.015873015873015872,189
1176,0.9947089947089947,0.047624942129031324,0.0,189
1177,1.0,-0.0,0.0,189
1178,0.9470899470899471,0.29863234443707515,0.0,189
1179,1.0,-0.0,0.0,189
1180,0.9894179894179894,-0.0,0.005291005291005291,189
1181,0.9576719576719577,0.22946337286666185,0.0,189
1182,0.9735449735449735,0.1485494904303482,0.0,189
1183,0.9788359788359788,0.11809705541337559,0.0,189
1184,0.6243386243386243,1.3198317867873834,0.005291005291005291,189
1185,0.8835978835978836,0.6379659304771386,0.0,189
1186,0.3915343915343915,1.8867953206518742,0.0,189
1187,0.9629629629629629,0.228538143953528,0.0,189
1188,0.9365079365079365,0.42246640930523255,0.0,189
1189,0.708994708994709,1.3169726442366603,0.0,189
1190,0.8412698412698413,0.5800150495380751,0.037037037037037035,189
1191,0.31746031746031744,1.8220959002597061,0.15343915343915343,189
1192,0.9947089947089947,0.047624942129031324,0.0,189
1193,0.9841269841269841,0.132170790008936,0.0,189
1194,1.0,-0.0,0.0,189
1195,0.9259259259259259,0.4869880882448949,0.0,189
1196,0.582010582010582,0.9805056644660266,0.0,189
1197,0.9841269841269841,0.11759466565886476,0.0,189
1198,0.9841269841269841,0.14275280059094658,0.0,189
1199,0.9947089947089947,-0.0,0.005291005291005291,189
1200,1.0,-0.0,0.0,189
1201,0.9947089947089947,-0.0,0.005291005291005291,189
1202,0.8042328042328042,0.9709522060457056,0.0,189
1203,0.9947089947089947,0.047624942129031324,0.0,189
1204,0.8783068783068783,0.5342081882797987,0.0,189
1205,0.9947089947089947,0.047624942129031324,0.0,189
1206,0.9788359788359788,0.14792723800140203,0.0,189
1207,0.91005291005291,0.09054385326964295,0.07936507936507936,189
1208,0.7671957671957672,0.9619978048831177,0.0,189
1209,0.9153439153439153,0.42962261609274466,0.005291005291005291,189
1210,0.9788359788359788,0.16509714539736253,0.0,189
1211,0.9735449735449735,0.20197635323348628,0.0,189
1212,0.8201058201058201,0.9060936562480679,0.0,189
1213,0.9153439153439153,0.5020757953928324,0.0,189
1214,0.9947089947089947,0.047624942129031324,0.0,189
1215,0.6772486772486772,1.2326229960982311,0.015873015873015872,189
1216,0.671957671957672,1.282636932366751,0.005291005291005291,189
1217,0.48148148148148145,1.4313370648693473,0.015873015873015872,189
1218,0.8412698412698413,0.7859886879920343,0.005291005291005291,189
1219,0.8941798941798942,0.4871779447002451,0.0,189
1220,0.43915343915343913,1.529571914863609,0.0582010582010582,189
1221,0.8994708994708994,0.2743507499821719,0.0582010582010582,189
1222,0.9947089947089947,0.047624942129031324,0.0,189
1223,0.9947089947089947,-0.0,0.0,189
1224,0.9523809523809523,0.3344999250482241,0.0,189
1225,0.6878306878306878,1.093141459992326,0.005291005291005291,189
1226,0.8888888888888888,0.48890859144051524,0.005291005291005291,189
1227,1.0,-0.0,0.0,189
1228,1.0,-0.0,0.0,189
1229,0.9894179894179894,0.047837447427700956,0.005291005291005291,189
1230,0.9788359788359788,0.14792723800140203,0.0,189
1231,0.9788359788359788,0.16509714539736253,0.0,189
1232,0.9894179894179894,0.09520928136928399,0.0,189
1233,0.6031746031746031,1.4325124134425147,0.05291005291005291,189
1234,0.7724867724867724,0.9516674375322626,0.0,189
1235,0.9312169312169312,0.4149718774951393,0.0,189
1236,0.8941798941798942,0.6303233622266636,0.0,189
1237,0.708994708994709,1.0170108844852117,0.0,189
1238,0.9894179894179894,0.0846272707872734,0.0,189
1239,1.0,-0.0,0.0,189
1240,0.9788359788359788,0.16509714539736253,0.0,189
1241,0.8359788359788359,0.7449676235731125,0.005291005291005291,189
1242,0.9417989417989417,-0.0,0.0582010582010582,189
1243,0.8941798941798942,0.593245082041845,0.010582010582010581,189
1244,0.6031746031746031,1.2882781373836343,0.07936507936507936,189
1245,0.4656084656084656,1.7924894454702618,0.015873015873015872,189
1246,0.5132275132275133,1.5177227245236447,0.164021164021164,189
1247,0.671957671957672,1.0432967076092858,0.0,189
1248,0.7671957671957672,0.9138940426280746,0.042328042328042326,189
1249,0.9788359788359788,0.16509714539736253,0.0,189
1250,0.9841269841269841,-0.0,0.015873015873015872,189
1251,1.0,-0.0,0.0,189
1252,0.7883597883597884,0.825942045494635,0.0,189
1253,0.7248677248677249,1.1471681232404771,0.0,189
1254,0.9841269841269841,0.132170790008936,0.0,189
1255,0.8253968253968254,0.6524142337423504,0.042328042328042326,189
1256,0.9947089947089947,0.047624942129031324,0.0,189
1257,0.4126984126984127,1.6155214076171256,0.0,189
1258,0.7248677248677249,1.209071399632284,0.0,189
1259,0.43915343915343913,1.561919692311153,0.005291005291005291,189
1260,0.9629629629629629,0.228538143953528,0.0,189
1261,0.5873015873015873,1.4231363051588013,0.07407407407407407,189
1262,0.9894179894179894,0.09520928136928399,0.0,189
1263,0.7354497354497355,0.7635721022255719,0.1111111111111111,189
1264,0.7354497354497355,1.2054079489036815,0.0,189
1265,0.656084656084656,1.0328052342345067,0.005291005291005291,189
1266,0.9417989417989417,0.34884124150732465,0.005291005291005291,189
1267,0.7777777777777778,0.15980645922291045,0.20634920634920634,189
1268,0.7195767195767195,1.135013648260344,0.0,189
1269,0.5925925925925926,0.9751190649408661,0.0,189
1270,1.0,-0.0,0.0,189
1271,0.7777777777777778,0.8002769909920409,0.0,189
1272,0.5714285714285714,1.2973105327780026,0.0582010582010582,189
1273,0.8941798941798942,0.5368071080430262,0.0,189
1274,0.8253968253968254,0.8430962798036885,0.026455026455026454,189
1275,0.7566137566137566,0.8716210863538689,0.010582010582010581,189
1276,0.8042328042328042,0.8862105071095798,0.010582010582010581,189
1277,0.9682539682539683,0.21348269259176902,0.005291005291005291,189
1278,0.5767195767195767,1.3644918221898439,0.021164021164021163,189
1279,0.42328042328042326,1.8556866655624802,0.015873015873015872,189
1280,0.8941798941798942,0.5506068052324824,0.005291005291005291,189
1281,0.8677248677248677,0.5509844433017146,0.005291005291005291,189
1282,0.5502645502645502,1.1063429794308268,0.0,189
1283,0.8095238095238095,0.7614272044618808,0.0,189
1284,0.8042328042328042,0.7484737358858968,0.0,189
1285,0.6243386243386243,1.5103333519259354,0.0,189
1286,0.5714285714285714,1.601773955432952,0.021164021164021163,189
1287,0.9682539682539683,0.21749805164583003,0.0,189
1288,0.9894179894179894,0.0846272707872734,0.0,189
1289,0.91005291005291,0.4832958806079054,0.0,189
1290,0.6878306878306878,0.9435090208396983,0.15873015873015872,189
1291,0.6296296296296297,1.105209522775269,0.005291005291005291,189
1292,0.5608465608465608,1.5729194526896546,0.021164021164021163,189
1293,0.5026455026455027,1.7116251842705645,0.05291005291005291,189
1294,0.544973544973545,1.548829102989714,0.07936507936507936,189
1295,0.6613756613756614,1.1757209715239472,0.0582010582010582,189
1296,0.9841269841269841,0.08499555983671264,0.005291005291005291,189
1297,0.3439153439153439,1.7768307907211411,0.05291005291005291,189
1298,0.6031746031746031,1.2340049947338356,0.0582010582010582,189
1299,0.9576719576719577,0.20474536594973772,0.010582010582010581,189
1300,0.9841269841269841,0.132170790008936,0.0,189
1301,0.9947089947089947,0.047624942129031324,0.0,189
1302,0.8042328042328042,0.8615815839165628,0.015873015873015872,189
1303,0.6190476190476191,1.3969933185721901,0.0,189
1304,0.8306878306878307,0.8012545534365353,0.0,189
1305,0.9735449735449735,0.17628982957066436,0.0,189
1306,0.9947089947089947,0.047624942129031324,0.0,189
1307,0.5555555555555556,0.476702120924569,0.3915343915343915,189
1308,0.9470899470899471,0.301381276516457,0.0,189
1309,0.582010582010582,1.062284053209327,0.0,189
1310,0.544973544973545,1.4470408230509253,0.0,189
1311,0.5502645502645502,1.1564802889506973,0.005291005291005291,189
1312,1.0,-0.0,0.0,189
1313,0.7777777777777778,1.0529519118068693,0.0,189
1314,0.7936507936507936,0.599771006917634,0.08465608465608465,189
1315,0.9947089947089947,0.047624942129031324,0.0,189
1316,1.0,-0.0,0.0,189
1317,0.48677248677248675,1.623078936370229,0.0,189
1318,0.9894179894179894,0.0846272707872734,0.0,189
1319,1.0,-0.0,0.0,189
1320,0.9682539682539683,0.2237095624199267,0.0,189
1321,0.7671957671957672,0.7452059528624848,0.026455026455026454,189
1322,0.9735449735449735,0.19538845641953637,0.0,189
1323,0.8148148148148148,0.593759850034371,0.08994708994708994,189
1324,0.6984126984126984,1.29879871345195,0.0,189
1325,1.0,-0.0,0.0,189
1326,0.9206349206349206,0.47181005233571505,0.0,189
1327,0.6984126984126984,1.2418340129980752,0.031746031746031744,189
1328,1.0,-0.0,0.0,189
1329,0.5291005291005291,0.9970590569034106,0.0,189
1330,0.9735449735449735,0.1485494904303482,0.0,189
1331,0.9841269841269841,0.08499555983671264,0.0,189
1332,0.9894179894179894,0.0846272707872734,0.0,189
1333,0.9206349206349206,0.4279824391073945,0.0,189
1334,0.6666666666666666,1.2284759447721103,0.037037037037037035,189
1335,0.582010582010582,1.6046542715340442,0.0,189
1336,0.671957671957672,0.9880545542090621,0.047619047619047616,189
1337,0.9947089947089947,0.047624942129031324,0.0,189
1338,0.9417989417989417,0.32026200878705646,0.0,189
1339,1.0,-0.0,0.0,189
1340,0.8518518518518519,0.6381176626609298,0.0,189
1341,0.9947089947089947,0.047624942129031324,0.0,189
1342,0.9312169312169312,0.4504906262898327,0.0,189
1343,0.873015873015873,0.6754560247956543,0.0,189
1344,0.6772486772486772,0.977510872682341,0.005291005291005291,189
1345,0.9629629629629629,0.228538143953528,0.0,189
1346,0.9947089947089947,0.047624942129031324,0.0,189
1347,1.0,-0.0,0.0,189
1348,1.0,-0.0,0.0,189
1349,0.9947089947089947,-0.0,0.005291005291005291,189
1350,0.8835978835978836,0.660460078827115,0.0,189
1351,0.708994708994709,1.1520036214732587,0.0,189
1352,0.9894179894179894,0.0846272707872734,0.0,189
1353,0.9788359788359788,0.14792723800140203,0.0,189
1354,0.7354497354497355,1.245431888121836,0.0,189
1355,0.7566137566137566,1.0904722122204582,0.0,189
1356,0.4497354497354497,1.692439221574948,0.005291005291005291,189
1357,0.6296296296296297,1.4373655920786461,0.0582010582010582,189
1358,0.9523809523809523,0.25254508906588063,0.005291005291005291,189
1359,0.9312169312169312,0.3613658040306044,0.0,189
1360,0.9841269841269841,0.08499555983671264,0.005291005291005291,189
1361,0.3544973544973545,1.8165639404194138,0.005291005291005291,189
1362,0.6296296296296297,1.3555460230337844,0.0,189
1363,0.9735449735449735,0.1333361715748539,0.010582010582010581,189
1364,0.746031746031746,1.074247260824189,0.047619047619047616,189
1365,0.5585106382978723,1.468461649228682,0.05319148936170213,188
1366,0.4734042553191489,1.5800936401056787,0.0425531914893617,188
1367,0.7712765957446809,1.0016197242969929,0.0,188
1368,0.7540106951871658,1.0652035757181062,0.0427807486631016,187
1369,0.983957219251337,0.118604152846707,0.0,187
1370,0.983957219251337,0.1333361715748539,0.0,187
1371,0.93048128342246,0.46543227947903293,0.0,187
1372,0.8983957219251337,0.5215912118439293,0.0053475935828877,187
1373,1.0,-0.0,0.0,187
1374,0.9893048128342246,-0.0,0.0053475935828877,187
1375,1.0,-0.0,0.0,185
1376,0.9783783783783784,0.15045116018085175,0.0,185
1377,0.9243243243243243,0.4583732018649672,0.0,185
1378,0.6847826086956522,1.0132293719384435,0.0,184
1379,1.0,-0.0,0.0,184
1380,0.8478260869565217,0.5665095065529053,0.021739130434782608,184
1381,0.9402173913043478,0.35285562817643146,0.0,184
1382,0.9836956521739131,0.1351265997414684,0.0,184
1383,0.994535519125683,0.04893139830501121,0.0,183
1384,0.8681318681318682,0.5954908863454349,0.0,182
1385,0.9725274725274725,0.20138704478830868,0.0,182
1386,0.9615384615384616,0.2730867716667127,0.0,182
1387,0.9340659340659341,0.38797879538258356,0.0,182
1388,0.9725274725274725,0.18155385536832616,0.0,182
1389,0.967032967032967,0.2304891162723164,0.0,182
1390,1.0,-0.0,0.0,180
1391,1.0,-0.0,0.0,173
1392,0.9939759036144579,0.053092652126686124,0.0,166
1393,0.8606060606060606,0.5687008669370752,0.0,165
1394,0.9939393939393939,0.05336143389814478,0.0,165
1395,1.0,-0.0,0.0,165
1396,0.9636363636363636,0.225363639127395,0.0,165
1397,1.0,-0.0,0.0,165
1398,0.9939024390243902,0.05363316840061028,0.0,164
1399,0.9939024390243902,-0.0,0.006097560975609756,164
1400,0.9386503067484663,0.3327795598700386,0.0,163
1401,1.0,-0.0,0.0,163
1402,0.9938650306748467,-0.0,0.006134969325153374,163
1403,1.0,-0.0,0.0,158
1404,0.9871794871794872,0.0989590953557431,0.0,156
1405,0.9805194805194806,0.13851379303093775,0.0,154
1406,0.993421052631579,0.05714385792985574,0.0,152
1407,1.0,-0.0,0.0,140
1408,0.7401574803149606,0.8265086395554189,0.0,127
1409,0.5887096774193549,1.1873246141632272,0.016129032258064516,124
1410,0.5041322314049587,1.4922355836499774,0.0,121
1411,0.8429752066115702,0.7684262437105145,0.0,121
1412,0.9917355371900827,0.06905438212565047,0.0,121
1413,0.9834710743801653,0.06952964699480783,0.0,121
1414,0.559322033898305,1.4781215729979484,0.0,118
1415,0.8220338983050848,0.8462255745484041,0.0,118
1416,0.7863247863247863,1.0086622887146146,0.0,117
1417,0.8888888888888888,0.6100624019670764,0.0,117
1418,0.9658119658119658,0.2427142045827235,0.0,117
1419,0.8888888888888888,0.6332826189590617,0.008547008547008548,117
1420,0.8632478632478633,0.6742889159789368,0.008547008547008548,117
1421,0.7863247863247863,1.0098715178361086,0.008547008547008548,117
1422,0.8448275862068966,0.6371109503846644,0.04310344827586207,116
1423,0.8793103448275862,0.44874712369654557,0.05172413793103448,116
1424,0.6206896551724138,1.2996568642620525,0.08620689655172414,116
1425,0.9137931034482759,0.32671806737837106,0.04310344827586207,116
1426,0.5172413793103449,1.3105223898913931,0.22413793103448276,116
1427,0.3739130434782609,1.6866292069521673,0.23478260869565218,115
1428,0.34782608695652173,1.649078920767584,0.34782608695652173,115
1429,0.28695652173913044,1.8347588565940396,0.28695652173913044,115
1430,0.3508771929824561,1.6358632646070272,0.15789473684210525,114
1431,0.32456140350877194,1.8756155598643156,0.11403508771929824,114
1432,0.8947368421052632,0.41775289949684047,0.043859649122807015,114
1433,0.5982142857142857,1.360411253675064,0.11607142857142858,112
1434,0.2909090909090909,1.9728323462621589,0.07272727272727272,110
1435,0.7962962962962963,0.7782307911354182,0.06481481481481481,108
1436,0.48148148148148145,1.3423823561642307,0.2777777777777778,108
1437,0.5188679245283019,1.6204790552638677,0.12264150943396226,106
1438,0.7547169811320755,0.9560543838043898,0.07547169811320754,106
1439,0.7452830188679245,0.954732553202952,0.08490566037735849,106
1440,0.6320754716981132,1.0619856502057197,0.1792452830188679,106
1441,0.3523809523809524,1.7931102805344576,0.2857142857142857,105
1442,0.625,1.2143103774834432,0.14423076923076922,104
1443,0.6153846153846154,1.2621788182248967,0.15384615384615385,104
1444,0.6310679611650486,1.1538452628662068,0.1650485436893204,103
1445,0.6310679611650486,1.0126394525429618,0.20388349514563106,103
1446,0.46078431372549017,1.591312810624901,0.23529411764705882,102
1447,0.4803921568627451,1.534286805052842,0.22549019607843138,102
1448,0.5742574257425742,1.3470102683741971,0.1782178217821782,101
1449,0.64,1.2205602841008074,0.14,100
1450,0.673469387755102,0.9302232969595546,0.1836734693877551,98
1451,0.7142857142857143,1.061365648837655,0.09183673469387756,98
1452,0.4639175257731959,1.5900343416938614,0.21649484536082475,97
1453,0.5833333333333334,1.104194755420653,0.23958333333333334,96
1454,0.5368421052631579,1.4344667574761236,0.2,95
1455,0.5638297872340425,1.3121127254875666,0.20212765957446807,94
1456,0.723404255319149,0.9207010755211289,0.1276595744680851,94
1457,0.6595744680851063,1.1091154811936732,0.13829787234042554,94
1458,0.7872340425531915,0.8598785051670436,0.06382978723404255,94
1459,0.5851063829787234,1.4056978668086715,0.05319148936170213,94
1460,0.5053763440860215,1.4716517683780777,0.12903225806451613,93
1461,0.8043478260869565,0.7866214516687349,0.06521739130434782,92
1462,0.32954545454545453,1.7353610198287988,0.22727272727272727,88
1463,0.5121951219512195,1.460981270680343,0.1951219512195122,82
1464,0.5,1.5283334374199125,0.17105263157894737,76
1465,0.25396825396825395,1.637842131976838,0.38095238095238093,63
1466,0.7142857142857143,0.8082406468410827,0.15873015873015872,63
1467,0.47619047619047616,1.340069589790019,0.14285714285714285,63
1468,0.7619047619047619,0.6653858811120062,0.14285714285714285,63
1469,0.5396825396825397,1.3200306025437634,0.06349206349206349,63
1470,0.5714285714285714,1.3900521507301882,0.14285714285714285,63
1471,0.49206349206349204,1.5317927452745832,0.1111111111111111,63
1472,0.6507936507936508,1.3654147020643208,0.047619047619047616,63
1473,0.746031746031746,1.1057078136663452,0.031746031746031744,63
1474,0.3333333333333333,1.8117239180991032,0.19047619047619047,63
1475,0.8888888888888888,0.5554600097489274,0.015873015873015872,63
1476,0.2857142857142857,1.911868556702239,0.15873015873015872,63
1477,0.6984126984126984,1.0242920863782843,0.07936507936507936,63
1478,0.6451612903225806,1.2969376834906483,0.06451612903225806,62
1479,0.7213114754098361,0.9638809715451941,0.08196721311475409,61
1480,0.5245901639344263,1.2673787456584262,0.08196721311475409,61
1481,0.4426229508196721,1.4880796509593042,0.09836065573770492,61
1482,0.5081967213114754,1.274877216694263,0.08196721311475409,61
1483,0.9180327868852459,0.5214461385892911,0.0,61
1484,0.7868852459016393,0.879293633880837,0.03278688524590164,61
1485,0.8852459016393442,0.5009682592094553,0.03278688524590164,61
1486,0.7213114754098361,0.9077623692118829,0.03278688524590164,61
1487,0.9836065573770492,0.12068101401352381,0.0,61
1488,0.9672131147540983,0.208180945557171,0.0,61
1489,0.9508196721311475,0.2829047929798921,0.0,61
1490,0.48333333333333334,1.6094016661180577,0.0,60
1491,0.5614035087719298,1.0953619436856585,0.0,57
1492,0.9807692307692307,0.1370994788998177,0.0,52
1493,0.9807692307692307,0.1370994788998177,0.0,52
1494,1.0,-0.0,0.0,52
1495,0.9803921568627451,-0.0,0.0,51
1496,0.9803921568627451,0.13923299905509887,0.0,51
1497,0.9607843137254902,0.23868451135100135,0.0,51
1498,0.9607843137254902,0.27790019762551116,0.0,51
1499,0.98,0.14144054254182067,0.0,50
1500,1.0,-0.0,0.0,49
1501,0.9791666666666666,0.1460942501201363,0.0,48
1502,1.0,-0.0,0.0,48
1503,1.0,-0.0,0.0,48
1504,1.0,-0.0,0.0,48
1505,1.0,-0.0,0.0,48
1506,0.9791666666666666,0.1460942501201363,0.0,48
1507,0.9347826086956522,0.34781691357106326,0.0,46
1508,0.5,1.4157717745885328,0.0,44
1509,1.0,-0.0,0.0,44
1510,0.9545454545454546,0.26676498780302604,0.0,44
1511,1.0,-0.0,0.0,27
1512,1.0,-0.0,0.0,23
1513,0.9375,0.3372900666170139,0.0,16
1514,1.0,-0.0,0.0,13
1515,1.0,-0.0,0.0,14
1516,1.0,-0.0,0.0,14
1517,1.0,-0.0,0.0,14
1518,1.0,-0.0,0.0,14
1519,0.9285714285714286,0.37123232664087563,0.0,14
1520,0.7857142857142857,0.74959525725948,0.0,14
1521,1.0,-0.0,0.0,14
1522,0.9473684210526315,0.2974722489192896,0.0,19
1523,0.631578947368421,1.2674438038072335,0.0,19
1524,1.0,-0.0,0.0,19
1525,0.8888888888888888,0.5032583347756457,0.0,18
1526,1.0,-0.0,0.0,18
1527,0.5263157894736842,1.5779772001172403,0.0,19
1528,0.8,0.8841837197791889,0.0,20
1529,0.6666666666666666,0.6685644431995964,0.23809523809523808,21
1530,1.0,-0.0,0.0,21
1531,0.9565217391304348,0.2580186686648155,0.0,23
1532,0.9565217391304348,-0.0,0.043478260869565216,23
1533,0.84,0.26676498780302604,0.12,25
1534,0.76,-0.0,0.24,25
1535,0.92,0.48217919020227284,0.0,25
1536,0.9230769230769231,0.39124356362925566,0.0,26
1537,0.6923076923076923,1.0577422381270594,0.0,26
1538,0.8076923076923077,0.7062740891876007,0.0,26
1539,0.8076923076923077,0.5131851787372753,0.11538461538461539,26
1540,0.5714285714285714,1.2361862832554125,0.17857142857142858,28
1541,0.6666666666666666,0.9182958340544896,0.0,18
1542,0.8260869565217391,0.8076702057269436,0.0,23
