sample,region,observed_share,expected_equal,obs_over_exp,perfect_primer_fraction
RDB123_ATGAGTGC,R1,0.07966970184802426,0.1981879134158878,0.4019907191859941,0.0416252219045555
RDB123_ATGAGTGC,R2,0.28735532951100234,0.2025939815530872,1.4183803847880077,0.9808321783583027
RDB123_ATGAGTGC,R3,0.11065292794279707,0.19909538721085857,0.5557784612337926,0.8912789995695078
RDB123_ATGAGTGC,R4,0.2932716478851066,0.20053204484587017,1.4624677472895493,0.3091052225861476
RDB123_ATGAGTGC,R5,0.22905039281306974,0.19959067297429622,1.1476006839386097,0.008249632329188896
RDB1_TTGGTGCA,R1,0.11638396957111857,0.1935028912512544,0.6014585560894771,0.14127373417290787
RDB1_TTGGTGCA,R2,0.4849196609260328,0.2198494593883436,2.2056895762907804,0.691733571461057
RDB1_TTGGTGCA,R3,0.039897270015685826,0.1917588417471406,0.20805961097895895,0.4958212893775062
RDB1_TTGGTGCA,R4,0.12696987183134079,0.18531569513269486,0.6851544427493004,0.47538990663721314
RDB1_TTGGTGCA,R5,0.23182922765582203,0.2095731124805666,1.1061973786227908,0.17367022272684976
