amp,s,e,len,acc,loss
A4,928,1176,249,0.9532971690116969,0.0
A4,928,1166,239,0.9528451149912416,0.045205402045533916
A4,928,1156,229,0.9528168616149629,0.048030739673399214
A4,928,1146,219,0.9523648075945076,0.09323614171893313
A4,928,1136,209,0.9526755947335707,0.06215742781262579
A4,928,1126,199,0.9516160931231281,0.1681075888568806
A4,928,1116,189,0.9499915239871165,0.3305645024580417
A4,928,1106,179,0.9499350172345594,0.3362151777137501
A4,928,1096,169,0.949779623665028,0.35175453466689266
A4,928,1086,159,0.9495253432785218,0.3771825733175138
A4,928,1076,149,0.9495253432785218,0.3771825733175138
A4,938,1176,239,0.9532971690116969,0.0
A4,938,1166,229,0.9528451149912416,0.045205402045533916
A4,938,1156,219,0.9527321014861275,0.0565067525569396
A4,938,1146,209,0.9522800474656722,0.10171215460247351
A4,938,1136,199,0.9525060744758999,0.07910945357970656
A4,938,1126,189,0.9515878397468497,0.1709329264847237
A4,938,1116,179,0.9500762841159519,0.3220884895745013
A4,938,1106,169,0.9501045374922302,0.3192631519466693
A4,938,1096,159,0.9498643837938634,0.3432785217833523
A4,938,1086,149,0.9496101034073572,0.36870656043397343
A4,938,1076,139,0.9496101034073572,0.36870656043397343
A4,948,1176,229,0.9527886082386845,0.05085607730124231
A4,948,1166,219,0.9525908346047354,0.07063344069615507
A4,948,1156,209,0.9523930609707859,0.09041080409110114
A4,948,1146,199,0.9520540204554443,0.12431485562526268
A4,948,1136,189,0.9523648075945076,0.09323614171893313
A4,948,1126,179,0.9516160931231281,0.1681075888568806
A4,948,1116,169,0.9501610442447872,0.31361247669097203
A4,948,1106,159,0.9501045374922302,0.3192631519466693
A4,948,1096,149,0.949779623665028,0.35175453466689266
A4,948,1086,139,0.9496101034073572,0.36870656043397343
A4,948,1076,129,0.9496101034073572,0.36870656043397343
A4,958,1176,219,0.9527038481098491,0.05933209018478269
A4,958,1166,209,0.9524213143470646,0.08758546646323584
A4,958,1156,199,0.9523083008419505,0.09888681697464152
A4,958,1146,189,0.9518845001977735,0.14126688139234345
A4,958,1136,179,0.9520822738317228,0.12148951799740848
A4,958,1126,169,0.9517008532519635,0.1596315759733402
A4,958,1116,159,0.9499915239871165,0.3305645024580417
A4,958,1106,149,0.9501045374922302,0.3192631519466693
A4,958,1096,139,0.949779623665028,0.35175453466689266
A4,958,1086,129,0.9496101034073572,0.36870656043397343
A4,958,1076,119,0.9496101034073572,0.36870656043397343
A4,968,1176,209,0.9528168616149629,0.048030739673399214
A4,968,1166,199,0.9527038481098491,0.05933209018478269
A4,968,1156,189,0.9525625812284567,0.07345877832402037
A4,968,1146,179,0.9518845001977735,0.14126688139234345
A4,968,1136,169,0.9521387805842797,0.11583884274172229
A4,968,1126,159,0.9514183194891789,0.18788495225180446
A4,968,1116,149,0.9500762841159519,0.3220884895745013
A4,968,1106,139,0.9501045374922303,0.3192631519466582
A4,968,1096,129,0.949779623665028,0.35175453466689266
A4,968,1086,119,0.9496101034073572,0.36870656043397343
A4,968,1076,109,0.9496101034073572,0.36870656043397343
A4,978,1176,199,0.953071142001469,0.022602701022789162
A4,978,1166,189,0.9529581284963553,0.03390405153416154
A4,978,1156,179,0.9526897214217098,0.06074475899870979
A4,978,1146,169,0.9522235407131151,0.10736282985818191
A4,978,1136,159,0.9523930609707859,0.09041080409110114
A4,978,1126,149,0.9516160931231281,0.1681075888568806
A4,978,1116,139,0.9502740577499011,0.30231112617957745
A4,978,1106,129,0.9501610442447872,0.31361247669097203
A4,978,1096,119,0.9499208905464204,0.337627846527655
A4,978,1086,109,0.9495818500310789,0.3715318980618054
A4,978,1076,99,0.9495818500310789,0.3715318980618054
A4,988,1176,189,0.9527321014861275,0.0565067525569396
A4,988,1166,179,0.9526190879810137,0.06780810306832308
A4,988,1156,169,0.9525625812284567,0.07345877832402037
A4,988,1146,159,0.9519410069503306,0.13561620613663505
A4,988,1136,149,0.9521783353110697,0.11188337006272642
A4,988,1126,139,0.9512064191670905,0.20907498446064432
A4,988,1116,129,0.9498785104820027,0.3418658529694252
A4,988,1106,119,0.9497654969768888,0.35316720348080866
A4,988,1096,109,0.9493699497089904,0.3927219302706564
A4,988,1086,99,0.9488896423122564,0.4407526699440556
A4,988,1076,89,0.9488896423122564,0.4407526699440556
A4,998,1176,179,0.9526473413572921,0.06498276544047998
A4,998,1166,169,0.952449567723343,0.08476012883539275
A4,998,1156,159,0.9523083008419505,0.09888681697464152
A4,998,1146,149,0.9516302198112674,0.1666949200429535
A4,998,1136,139,0.9517432333163814,0.15539356953154781
A4,998,1126,129,0.9510227722212805,0.22743967904164109
A4,998,1116,119,0.9493699497089904,0.3927219302706564
A4,998,1106,109,0.9492004294513193,0.40967395603775936
A4,998,1096,99,0.9489461490648132,0.4351019946883694
A4,998,1086,89,0.948691868678307,0.46053003333899056
A4,998,1076,79,0.948691868678307,0.46053003333899056
A4,1008,1176,169,0.9513759394247613,0.19212295869356355
A4,1008,1166,159,0.9512911792959259,0.20059897157710394
A4,1008,1156,149,0.951545459682432,0.17517093292649388
A4,1008,1146,139,0.9512120698423461,0.20850991693508458
A4,1008,1136,129,0.9506413516415211,0.2655817370175839
A4,1008,1126,119,0.9505000847601288,0.2797084251568105
A4,1008,1116,109,0.948804882183421,0.449228682827596
A4,1008,1106,99,0.9488896423122564,0.4407526699440556
A4,1008,1096,89,0.9485788551731933,0.47183138385036294
A4,1008,1086,79,0.9484940950443579,0.4803073967339033
A4,1008,1076,69,0.9484940950443579,0.4803073967339033
A5,1242,1491,250,0.9532971690116969,0.0
A5,1242,1481,240,0.9534666892693677,-0.01695202576708077
A5,1242,1471,230,0.952760354862406,0.053681414929096505
A5,1242,1461,220,0.9527321014861275,0.0565067525569396
A5,1242,1451,210,0.9525060744759,0.07910945357969545
A5,1242,1441,200,0.9523648075945076,0.09323614171893313
A5,1242,1431,190,0.9530146352489124,0.028253376278453146
A5,1242,1421,180,0.9522376674012545,0.10595016104424371
A5,1242,1411,170,0.9521105272080014,0.11866418036955428
A5,1242,1401,160,0.9521952873368368,0.1101881674860139
A5,1242,1391,150,0.9521952873368368,0.1101881674860139
A5,1252,1491,240,0.9532124088828615,0.008476012883540385
A5,1252,1481,230,0.9533819291405323,-0.008476012883540385
A5,1252,1471,220,0.9534949426456462,-0.019777363394923864
A5,1252,1461,210,0.9532689156354184,0.0028253376278541964
A5,1252,1451,200,0.952449567723343,0.08476012883539275
A5,1252,1441,190,0.9525795332542238,0.07176357574730785
A5,1252,1431,180,0.9527490535118947,0.05481154998022708
A5,1252,1421,170,0.9518845001977735,0.14126688139234345
A5,1252,1411,160,0.951675425213313,0.16217437983838678
A5,1252,1401,150,0.9517036785895915,0.1593490422105437
A5,1252,1391,140,0.9516471718370345,0.16499971746624098
A5,1262,1491,230,0.9520822738317228,0.12148951799740848
A5,1262,1481,220,0.9523083008419505,0.09888681697464152
A5,1262,1471,210,0.951601966434989,0.1695202576707966
A5,1262,1461,200,0.951912753574052,0.13844154376448925
A5,1262,1451,190,0.9522800474656722,0.10171215460247351
A5,1262,1441,180,0.9526473413572921,0.06498276544047998
A5,1262,1431,170,0.9526614680454314,0.06357009662655289
A5,1262,1421,160,0.9521952873368368,0.1101881674860139
A5,1262,1411,150,0.9519410069503306,0.13561620613663505
A5,1262,1401,140,0.9519692603266089,0.13279086850880306
A5,1262,1391,130,0.9517997400689381,0.14974289427588383
A5,1272,1491,220,0.9525484545403176,0.07487144713793636
A5,1272,1481,210,0.9529298751200768,0.036729389162015735
A5,1272,1471,200,0.952449567723343,0.08476012883539275
A5,1272,1461,190,0.9519410069503306,0.13561620613663505
A5,1272,1451,180,0.9529581284963553,0.03390405153416154
A5,1272,1441,170,0.9522517940893936,0.10453749223032771
A5,1272,1431,160,0.9520116403910266,0.12855286206703287
A5,1272,1421,150,0.9520116403910266,0.12855286206703287
A5,1272,1411,140,0.9519184042493078,0.1378764762389073
A5,1272,1401,130,0.9519184042493078,0.1378764762389073
A5,1272,1391,120,0.9518336441204724,0.1463524891224477
A5,1282,1491,210,0.9515172063061536,0.17799627055433698
A5,1282,1481,200,0.9516302198112674,0.1666949200429535
A5,1282,1471,190,0.9504435780075718,0.2853591004125078
A5,1282,1461,180,0.9506130982652425,0.2684070746454381
A5,1282,1451,170,0.9505848448889642,0.2712324122732701
A5,1282,1441,160,0.9501186641803695,0.3178504831327422
A5,1282,1431,150,0.9500197773633948,0.3277391648302097
A5,1282,1421,140,0.9495112165903824,0.378595242131452
A5,1282,1411,130,0.9492710628920156,0.40261061196813497
A5,1282,1401,120,0.9492710628920156,0.40261061196813497
A5,1282,1391,110,0.9491863027631802,0.41108662485167535
A5,1292,1491,200,0.9499067638582811,0.3390405153415821
A5,1292,1481,190,0.9499067638582811,0.3390405153415821
A5,1292,1471,180,0.9491721760750409,0.41249929366560245
A5,1292,1461,170,0.9489178956885347,0.4379273323162236
A5,1292,1451,160,0.9490309091936486,0.426625981804829
A5,1292,1441,150,0.9483528281629656,0.4944340848731299
A5,1292,1431,140,0.9484658416680793,0.4831327343617575
A5,1292,1421,130,0.9479572808950669,0.5339888116629998
A5,1292,1411,120,0.9474204667457762,0.5876702265920741
A5,1292,1401,110,0.9472791998643838,0.6017969147313118
A5,1292,1391,100,0.9473639599932192,0.5933209018477714
A5,1302,1491,190,0.949285189580155,0.40119794315419677
A5,1302,1481,180,0.9494829632141041,0.381420579759284
A5,1302,1471,170,0.9493982030852687,0.3898965926428244
A5,1302,1461,160,0.9485788551731931,0.47183138385038514
A5,1302,1451,150,0.9486636153020285,0.46335537096684476
A5,1302,1441,140,0.9488331355596993,0.446403345199764
A5,1302,1431,130,0.949115669322484,0.41814996892128864
A5,1302,1421,120,0.9477595072611177,0.5537661750579237
A5,1302,1411,110,0.9471944397355484,0.6102729276148522
A5,1302,1401,100,0.947109679606713,0.6187489404983926
A5,1302,1391,90,0.947109679606713,0.6187489404983926
A5,1312,1491,180,0.9484093349155223,0.4887834096174659
A5,1312,1481,170,0.9484940950443577,0.48030739673392553
A5,1312,1471,160,0.9492004294513193,0.40967395603775936
A5,1312,1461,150,0.9482398146578516,0.5057354353845356
A5,1312,1451,140,0.948691868678307,0.46053003333899056
A5,1312,1441,130,0.9481268011527377,0.5170367858959191
A5,1312,1431,120,0.9478725207662315,0.5424648245465402
A5,1312,1421,110,0.9465728654574223,0.6724303554274669
A5,1312,1411,100,0.9461208114369668,0.7176357574730119
A5,1312,1401,90,0.946318585070916,0.697858394078088
A5,1312,1391,80,0.9462903316946376,0.7006837317059311
