F,R,length,SILVA_all,SILVA_phylum_mean,GG_all,GG_phylum_mean
V3_f,V2_r,51,0.584,0.609,0.606,0.504
V4_f,V4_r,287,0.744,0.773,0.898,0.721
V7_f,V8_r,309,0.794,0.858,0.923,0.851
V6'_f,V8_r,353,0.806,0.926,0.945,0.938
V1_f,V2_r,383,0.573,0.642,0.624,0.578
V7_f,V9_r,409,0.779,0.841,0.912,0.835
V4_f,V5_r,410,0.911,0.954,0.941,0.955
V6_f,V8_r,441,0.789,0.889,0.919,0.844
V6'_f,V9_r,453,0.793,0.908,0.933,0.918
V3_f,V4_r,463,0.724,0.699,0.855,0.62
V6_f,V9_r,541,0.776,0.871,0.908,0.829
V3_f,V5_r,586,0.782,0.866,0.898,0.844
V1_f,V4_r,795,0.707,0.742,0.874,0.705
V4_f,V8_r,891,0.938,0.961,0.962,0.974
V1_f,V5_r,918,0.771,0.92,0.916,0.936
V4_f,V9_r,991,0.914,0.944,0.952,0.954
V3_f,V8_r,1067,0.792,0.874,0.92,0.865
V3_f,V9_r,1167,0.777,0.856,0.908,0.848
V1_f,V8_r,1399,0.777,0.928,0.939,0.958
V1_f,V9_r,1499,0.769,0.915,0.929,0.938
