scheme,site,oligos,expansions,GG_mean,GG_min,SILVA_mean,SILVA_min,Ten_GG,Ten_SILVA
Swift SNAP,V1_f,1,2,0.9660411102322319,0.9318181818181818,0.9418681545774141,0.879746835443038,1.0,0.9562043795620438
Swift SNAP,V2_r,8,8,0.5989125862686053,0.23684210526315788,0.6825615846007721,0.3600844772967265,0.20304568527918782,0.5495750708215298
Swift SNAP,V3_f,1,1,0.8712782396234295,0.03409090909090909,0.8874779572388177,0.275,0.9296482412060302,0.9401709401709402
Swift SNAP,V4_f,1,1,0.9836523405917162,0.9587628865979382,0.9763956351915799,0.9177215189873418,0.9800995024875622,0.9859154929577465
Swift SNAP,V6'_f,1,1,0.9472094707677883,0.6842105263157895,0.9412922195946407,0.803921568627451,0.7839195979899497,0.8813559322033898
Swift SNAP,V6_f,6,14,0.8530202071837916,0.35555555555555557,0.9022093028246697,0.6217616580310881,0.5202020202020202,0.7321937321937322
Swift SNAP,V7_f,1,2,0.8582520830736154,0.056818181818181816,0.8706389450030548,0.20625,0.7512437810945274,0.7932011331444759
Swift SNAP,V4_r,1,1,0.7323656197453521,0.05263157894736842,0.7839978315946017,0.060126582278481014,0.8793969849246231,0.9180790960451978
Swift SNAP,V5_r,1,2,0.9670554190606223,0.9381443298969072,0.9739162307947429,0.9493670886075949,0.9552238805970149,0.9514285714285714
Swift SNAP,V8_r,1,1,0.9904585884130249,0.967741935483871,0.9804913326382348,0.8924050632911392,0.9900990099009901,0.9110320284697508
Swift SNAP,V9_r,1,1,0.9706427341596108,0.9072164948453608,0.9643966629845772,0.9335443037974683,0.9947089947089947,0.963963963963964
5R 原方案,R1-F,1,1,0.5316063122047157,0.022727272727272728,0.5225040637273174,0.057022175290390706,0.67,0.656957928802589
5R 原方案,R1-R,1,2,0.7227676884631398,0.06666666666666667,0.7452233820138172,0.22797927461139897,0.6979166666666666,0.8083832335329342
5R 原方案,R2-F,1,1,0.6959589388539278,0.0,0.7548348922473505,0.008849557522123894,0.8944723618090452,0.9114285714285715
5R 原方案,R2-R,1,1,0.9486507629942572,0.7105263157894737,0.9650816339627499,0.8955696202531646,0.85,0.9436619718309859
5R 原方案,R3-F,1,2,0.6315204417541586,0.01699029126213592,0.6853240261836326,0.022175290390707498,0.681592039800995,0.8011363636363636
5R 原方案,R3-R,1,2,0.9673196577304666,0.9381443298969072,0.9731387182321867,0.9430379746835443,0.9502487562189055,0.9485714285714286
5R 原方案,R4-F,1,2,0.7372867191042646,0.1724137931034483,0.7446545818154816,0.25663716814159293,0.19402985074626866,0.2792022792022792
5R 原方案,R4-R,1,1,0.6309215686172959,0.0,0.688923628709555,0.1125,0.3,0.3937677053824363
5R 原方案,R5-F,1,1,0.8088579120745027,0.5263157894736842,0.8523641213815029,0.7310126582278481,0.65625,0.731638418079096
5R 原方案,R5-R,1,1,0.7515601175529172,0.0,0.7644912430513398,0.05625,0.014925373134328358,0.10726643598615918
我们的推荐设计,A2-F,2,12,0.9742118128783235,0.9318181818181818,0.9524075104977157,0.79375,0.9748743718592965,0.9742857142857143
我们的推荐设计,A2-R,1,2,0.9655433314403068,0.868421052631579,0.9680333393911839,0.8955696202531646,0.9246231155778895,0.9746478873239437
我们的推荐设计,A3-F,2,16,0.939764752277845,0.7840909090909091,0.9517260231023676,0.84375,0.898989898989899,0.943342776203966
我们的推荐设计,A3-R,1,4,0.9613283602462411,0.9210526315789473,0.9251827353721773,0.7772020725388601,0.9296482412060302,0.9491525423728814
我们的推荐设计,A4-F,1,4,0.9663269531380265,0.9412442396313364,0.9713790866189725,0.939873417721519,0.9552238805970149,0.9570200573065902
我们的推荐设计,A4-R,2,16,0.9555664053501461,0.8157894736842105,0.9624099352751622,0.8848996832101372,0.927461139896373,0.9154929577464789
我们的推荐设计,A5-F,3,22,0.9683065500313178,0.9310344827586207,0.9316067721327194,0.844559585492228,0.9702970297029703,0.9518413597733711
我们的推荐设计,A5-R,1,4,0.941168935579104,0.6888888888888889,0.9364663900725021,0.8765822784810127,0.9772727272727273,0.9247311827956989
我们的推荐设计,A1-F,1,8,0.9734437535755165,0.9381443298969072,0.9536317047256317,0.9272151898734177,0.989010989010989,0.96
我们的推荐设计,A1-R,4,30,0.8818649864814778,0.7631578947368421,0.9018826344327011,0.8162618796198522,0.9081632653061225,0.8567335243553008
