site,oligos,pos,expansions,Tm,GG_mean,GG_min,SILVA_mean,SILVA_min,Ten_GG,Ten_SILVA
V1_f,1,9–27,2,58.0–58.0,0.966,0.932,0.942,0.88,1.0,0.956
V2_r,8,372–391,8,59.9–68.4,0.599,0.237,0.683,0.36,0.203,0.55
V3_f,1,341–357,1,63.0–63.0,0.871,0.034,0.887,0.275,0.93,0.94
V4_f,1,517–533,1,67.1–67.1,0.984,0.959,0.976,0.918,0.98,0.986
V6'_f,1,1055–1070,1,59.1–59.1,0.947,0.684,0.941,0.804,0.784,0.881
V6_f,6,967–985,14,58.4–63.1,0.853,0.356,0.902,0.622,0.52,0.732
V7_f,1,1099–1114,2,61.3–61.3,0.858,0.057,0.871,0.206,0.751,0.793
V4_r,1,785–803,1,54.1–54.1,0.732,0.053,0.784,0.06,0.879,0.918
V5_r,1,907–926,2,56.7–56.7,0.967,0.938,0.974,0.949,0.955,0.951
V8_r,1,1390–1407,1,63.7–63.7,0.99,0.968,0.98,0.892,0.99,0.911
V9_r,1,1492–1507,1,49.1–49.1,0.971,0.907,0.964,0.934,0.995,0.964
