db,primers,combo,n,p_all,p_ge_half,p_ge1,worst_phylum_all
SILVA,single,V1V2,1,0.6209901369338313,0.6209901369338313,0.6209901369338313,0.4350940017905103
SILVA,single,V3,1,0.8015895815378723,0.8015895815378723,0.8015895815378723,0.8382352941176471
SILVA,single,V4,1,0.6810303552618979,0.6810303552618979,0.6810303552618979,0.017009847806624886
SILVA,single,V6V7,1,0.8059944460404098,0.8059944460404098,0.8059944460404098,0.8794117647058823
SILVA,single,V8V9,1,0.6837115771330078,0.6837115771330078,0.6837115771330078,0.46774193548387094
SILVA,single,V1V2+V3,2,0.5909221488078138,0.8316575696638897,0.8316575696638897,0.4279319606087735
SILVA,single,V1V2+V4,2,0.5323182993392703,0.7697021928564589,0.7697021928564589,0.012533572068039392
SILVA,single,V1V2+V6V7,2,0.5929330652111462,0.8340515177630949,0.8340515177630949,0.41718889883616833
SILVA,single,V1V2+V8V9,2,0.49832423633055634,0.8063774777362827,0.8063774777362827,0.3064516129032258
SILVA,single,V3+V4,2,0.6499090299722302,0.83271090682754,0.83271090682754,0.01611459265890779
SILVA,single,V3+V6V7,2,0.7671167289093173,0.8404672986689649,0.8404672986689649,0.7705882352941177
SILVA,single,V3+V8V9,2,0.6460787130135018,0.8392224456573781,0.8392224456573781,0.3870967741935484
SILVA,single,V4+V6V7,2,0.6544096523987359,0.8326151489035718,0.8326151489035718,0.017009847806624886
SILVA,single,V4+V8V9,2,0.5395001436368859,0.8252417887580197,0.8252417887580197,0.017009847806624886
SILVA,single,V6V7+V8V9,2,0.6501005458201666,0.839605477353251,0.839605477353251,0.43548387096774194
SILVA,single,V1V2+V3+V4,3,0.5113473139902327,0.7504548501388489,0.8418079096045198,0.011638316920322292
SILVA,single,V1V2+V3+V6V7,3,0.567557215359571,0.8158575122091353,0.8451594369434071,0.41002685765443153
SILVA,single,V1V2+V3+V8V9,3,0.475629608350091,0.7840658814516901,0.8465958058029301,0.25806451612903225
SILVA,single,V1V2+V4+V6V7,3,0.5129751986976923,0.7537106195537681,0.8413291199846787,0.012533572068039392
SILVA,single,V1V2+V4+V8V9,3,0.4247821507229723,0.720578377860768,0.8403715407449966,0.012533572068039392
SILVA,single,V1V2+V6V7+V8V9,3,0.47869386191707364,0.7839701235277219,0.8480321746624533,0.27419354838709675
SILVA,single,V3+V4+V6V7,3,0.626831370295892,0.8177726706884995,0.8440103418557886,0.01611459265890779
SILVA,single,V3+V4+V8V9,3,0.5161352101886431,0.8032174662453317,0.846978837498803,0.01611459265890779
SILVA,single,V3+V6V7+V8V9,3,0.621756200325577,0.8197835870918319,0.849755817293881,0.3548387096774194
SILVA,single,V4+V6V7+V8V9,3,0.5209231063870535,0.8021641290816816,0.8476491429665804,0.017009847806624886
SILVA,single,V1V2+V3+V4+V6V7,4,0.4943024035238916,0.8330939385234128,0.8464042899549937,0.011638316920322292
SILVA,single,V1V2+V3+V4+V8V9,4,0.40802451402853585,0.8253375466819879,0.8501388489897539,0.011638316920322292
SILVA,single,V1V2+V3+V6V7+V8V9,4,0.45915924542755915,0.8356794024705544,0.8512879440773724,0.22580645161290322
SILVA,single,V1V2+V4+V6V7+V8V9,4,0.4108014938236139,0.8252417887580197,0.8507133965335631,0.012533572068039392
SILVA,single,V3+V4+V6V7+V8V9,4,0.49947333141817485,0.8342430336110314,0.8513837020013406,0.01611459265890779
SILVA,single,V1V2+V3+V4+V6V7+V8V9,5,0.395671741836637,0.8153787225892942,0.8522455233170545,0.011638316920322292
SILVA,multi,V1V2,1,0.6984582974241118,0.6984582974241118,0.6984582974241118,0.6818181818181818
SILVA,multi,V3,1,0.932011873982572,0.932011873982572,0.932011873982572,0.8596491228070176
SILVA,multi,V4,1,0.8841329119984679,0.8841329119984679,0.8841329119984679,0.788235294117647
SILVA,multi,V6V7,1,0.8958153787225893,0.8958153787225893,0.8958153787225893,0.8911764705882353
SILVA,multi,V8V9,1,0.8199751029397683,0.8199751029397683,0.8199751029397683,0.7096774193548387
SILVA,multi,V1V2+V3,2,0.6719333524849181,0.9585368189217658,0.9585368189217658,0.5818181818181818
SILVA,multi,V1V2+V4,2,0.6510581250598487,0.931533084362731,0.931533084362731,0.5636363636363636
SILVA,multi,V1V2+V6V7,2,0.6749976060519008,0.9192760700948004,0.9192760700948004,0.6681818181818182
SILVA,multi,V1V2+V8V9,2,0.6425356698266782,0.875897730537202,0.875897730537202,0.5645161290322581
SILVA,multi,V3+V4,2,0.8482236905103897,0.9679210954706502,0.9679210954706502,0.7411764705882353
SILVA,multi,V3+V6V7,2,0.8541606817964187,0.9736665709087426,0.9736665709087426,0.8
SILVA,multi,V3+V8V9,2,0.7841616393756583,0.967825337546682,0.967825337546682,0.6935483870967742
SILVA,multi,V4+V6V7,2,0.8177726706884995,0.9621756200325577,0.9621756200325577,0.7470588235294118
SILVA,multi,V4+V8V9,2,0.7525615244661495,0.9515464904720866,0.9515464904720866,0.6772727272727272
SILVA,multi,V6V7+V8V9,2,0.7773628267739155,0.938427654888442,0.938427654888442,0.6612903225806451
SILVA,multi,V1V2+V3+V4,3,0.6330556353538255,0.9051038973475055,0.9764435507038207,0.5136363636363637
SILVA,multi,V1V2+V3+V6V7,3,0.6523987359954037,0.8962941683424304,0.9775926457914392,0.5772727272727273
SILVA,multi,V1V2+V3+V8V9,3,0.6210858948577995,0.8564588719716556,0.9729005075169971,0.5
SILVA,multi,V1V2+V4+V6V7,3,0.6336301828976347,0.8765680360049795,0.9682083692425548,0.5636363636363636
SILVA,multi,V1V2+V4+V8V9,3,0.6031791630757445,0.8397969932011874,0.9595901560854161,0.4681818181818182
SILVA,multi,V1V2+V6V7+V8V9,3,0.6242459063487503,0.8464042899549937,0.9435985827827252,0.532258064516129
SILVA,multi,V3+V4+V6V7,3,0.7905774202815283,0.9390022024322513,0.9823805419898497,0.7088235294117647
SILVA,multi,V3+V4+V8V9,3,0.7298668964856841,0.9252130613808293,0.9810399310542948,0.6272727272727273
SILVA,multi,V3+V6V7+V8V9,3,0.75093363975869,0.9138178684286125,0.9830508474576272,0.6451612903225806
SILVA,multi,V4+V6V7+V8V9,3,0.7235468735037824,0.9006032749209997,0.9757732452360433,0.6290322580645161
SILVA,multi,V1V2+V3+V4+V6V7,4,0.6172555778990712,0.9505889112324045,0.9846787321650866,0.5136363636363637
SILVA,multi,V1V2+V3+V4+V8V9,4,0.5879536531647994,0.9399597816719334,0.9833381212295318,0.4318181818181818
SILVA,multi,V1V2+V3+V6V7+V8V9,4,0.6057646270228861,0.925117303456861,0.9840084266973093,0.4954545454545455
SILVA,multi,V1V2+V4+V6V7+V8V9,4,0.5891027482524179,0.9143924159724217,0.9775926457914392,0.4681818181818182
SILVA,multi,V3+V4+V6V7+V8V9,4,0.7036292253183951,0.9552810495068467,0.988987838743656,0.6272727272727273
SILVA,multi,V1V2+V3+V4+V6V7+V8V9,5,0.5751220913530595,0.902135401704491,0.9895623862874653,0.4318181818181818
GG,single,V1V2,1,0.7039035226912091,0.7039035226912091,0.7039035226912091,0.3975409836065574
GG,single,V3,1,0.9371628054585845,0.9371628054585845,0.9371628054585845,0.8
GG,single,V4,1,0.7943509996826404,0.7943509996826404,0.7943509996826404,0.0778688524590164
GG,single,V6V7,1,0.9435099968264044,0.9435099968264044,0.9435099968264044,0.8181818181818182
GG,single,V8V9,1,0.8317994287527769,0.8317994287527769,0.8317994287527769,0.4662576687116564
GG,single,V1V2+V3,2,0.6724849254205014,0.9685814027292923,0.9685814027292923,0.39344262295081966
GG,single,V1V2+V4,2,0.609013011742304,0.8892415106315456,0.8892415106315456,0.04918032786885246
GG,single,V1V2+V6V7,2,0.6715328467153284,0.975880672802285,0.975880672802285,0.38524590163934425
GG,single,V1V2+V8V9,2,0.586163122818153,0.9495398286258331,0.9495398286258331,0.3312883435582822
GG,single,V3+V4,2,0.7508727388130753,0.9806410663281498,0.9806410663281498,0.07377049180327869
GG,single,V3+V6V7,2,0.8968581402729292,0.9838146620120597,0.9838146620120597,0.7272727272727273
GG,single,V3+V8V9,2,0.7835607743573468,0.9854014598540146,0.9854014598540146,0.44785276073619634
GG,single,V4+V6V7,2,0.756902570612504,0.9809584258965408,0.9809584258965408,0.07581967213114754
GG,single,V4+V8V9,2,0.6486829577911774,0.9774674706442399,0.9774674706442399,0.0778688524590164
GG,single,V6V7+V8V9,2,0.7883211678832117,0.9869882576959695,0.9869882576959695,0.4539877300613497
GG,single,V1V2+V3+V4,3,0.5842589654078071,0.8638527451602666,0.9873056172643605,0.0471311475409836
GG,single,V1V2+V3+V6V7,3,0.6439225642653126,0.9530307838781339,0.9876229768327515,0.38114754098360654
GG,single,V1V2+V3+V8V9,3,0.560139638210092,0.9219295461758172,0.9907965725166614,0.32515337423312884
GG,single,V1V2+V4+V6V7,3,0.58521104411298,0.8670263408441764,0.9895271342430975,0.04918032786885246
GG,single,V1V2+V4+V8V9,3,0.5052364328784513,0.8333862265947318,0.9914312916534433,0.04918032786885246
GG,single,V1V2+V6V7+V8V9,3,0.55950491907331,0.927007299270073,0.9927007299270073,0.32515337423312884
GG,single,V3+V4+V6V7,3,0.7210409393843225,0.9625515709298635,0.9914312916534433,0.07172131147540983
GG,single,V3+V4+V8V9,3,0.6169470009520787,0.9492224690574421,0.9971437638844811,0.07377049180327869
GG,single,V3+V6V7+V8V9,3,0.7505553792446842,0.9676293240241193,0.9942875277689622,0.44171779141104295
GG,single,V4+V6V7+V8V9,3,0.6210726753411615,0.9517613456045699,0.9968264043160902,0.07581967213114754
GG,single,V1V2+V3+V4+V6V7,4,0.5620437956204379,0.9749285940971121,0.9936528086321803,0.0471311475409836
GG,single,V1V2+V3+V4+V8V9,4,0.4852427800698191,0.973341796255157,0.997778483021263,0.0471311475409836
GG,single,V1V2+V3+V6V7+V8V9,4,0.536020311012377,0.9787369089178038,0.9955569660425262,0.31901840490797545
GG,single,V1V2+V4+V6V7+V8V9,4,0.4852427800698191,0.97429387496033,0.998730561726436,0.04918032786885246
GG,single,V3+V4+V6V7+V8V9,4,0.5931450333227547,0.9854014598540146,0.9980958425896541,0.07172131147540983
GG,single,V1V2+V3+V4+V6V7+V8V9,5,0.4662012059663599,0.9600126943827356,0.998730561726436,0.0471311475409836
GG,multi,V1V2,1,0.8124404950809266,0.8124404950809266,0.8124404950809266,0.6666666666666666
GG,multi,V3,1,0.948905109489051,0.948905109489051,0.948905109489051,0.8181818181818182
GG,multi,V4,1,0.9343065693430657,0.9343065693430657,0.9343065693430657,0.803921568627451
GG,multi,V6V7,1,0.9517613456045699,0.9517613456045699,0.9517613456045699,0.8545454545454545
GG,multi,V8V9,1,0.9324024119327198,0.9324024119327198,0.9324024119327198,0.8343558282208589
GG,multi,V1V2+V3,2,0.7832434147889559,0.9781021897810219,0.9781021897810219,0.6
GG,multi,V1V2+V4,2,0.7680101555061886,0.9787369089178038,0.9787369089178038,0.5588235294117647
GG,multi,V1V2+V6V7,2,0.779435099968264,0.9847667407172326,0.9847667407172326,0.6363636363636364
GG,multi,V1V2+V8V9,2,0.7616629641383688,0.9831799428752777,0.9831799428752777,0.6078431372549019
GG,multi,V3+V4,2,0.8990796572516662,0.9841320215804507,0.9841320215804507,0.6862745098039216
GG,multi,V3+V6V7,2,0.9152649952396065,0.9854014598540146,0.9854014598540146,0.7818181818181819
GG,multi,V3+V8V9,2,0.8905109489051095,0.9907965725166614,0.9907965725166614,0.7454545454545455
GG,multi,V4+V6V7,2,0.8990796572516662,0.9869882576959695,0.9869882576959695,0.7818181818181819
GG,multi,V4+V8V9,2,0.8740082513487781,0.9927007299270073,0.9927007299270073,0.7254901960784313
GG,multi,V6V7+V8V9,2,0.8920977467470644,0.9920660107902253,0.9920660107902253,0.7818181818181819
GG,multi,V1V2+V3+V4,3,0.7461123452872104,0.9581085369723897,0.9914312916534433,0.5
GG,multi,V1V2+V3+V6V7,3,0.755950491907331,0.9660425261821644,0.9911139320850524,0.5818181818181818
GG,multi,V1V2+V3+V8V9,3,0.7359568390986988,0.9635036496350365,0.9942875277689622,0.5454545454545454
GG,multi,V1V2+V4+V6V7,3,0.7419866708981275,0.9625515709298635,0.9939701682005713,0.5588235294117647
GG,multi,V1V2+V4+V8V9,3,0.7213582989527134,0.9609647730879086,0.9968264043160902,0.5098039215686274
GG,multi,V1V2+V6V7+V8V9,3,0.731831164709616,0.9695334814344653,0.9952396064741352,0.5818181818181818
GG,multi,V3+V4+V6V7,3,0.8705172960964773,0.9723897175499842,0.9920660107902253,0.6862745098039216
GG,multi,V3+V4+V8V9,3,0.8457632497619804,0.9720723579815932,0.997778483021263,0.6274509803921569
GG,multi,V3+V6V7+V8V9,3,0.8594097112027927,0.9790542684861948,0.9946048873373532,0.7090909090909091
GG,multi,V4+V6V7+V8V9,3,0.8451285306251983,0.9749285940971121,0.9984132021580451,0.7090909090909091
GG,multi,V1V2+V3+V4+V6V7,4,0.7232624563630593,0.9847667407172326,0.9946048873373532,0.5
GG,multi,V1V2+V3+V4+V8V9,4,0.7026340844176452,0.9860361789907965,0.9980958425896541,0.45098039215686275
GG,multi,V1V2+V3+V6V7+V8V9,4,0.7102507140590288,0.9866708981275786,0.9961916851793081,0.5272727272727272
GG,multi,V1V2+V4+V6V7+V8V9,4,0.6981910504601714,0.9882576959695335,0.998730561726436,0.5098039215686274
GG,multi,V3+V4+V6V7+V8V9,4,0.8197397651539194,0.9876229768327515,0.9984132021580451,0.6274509803921569
GG,multi,V1V2+V3+V4+V6V7+V8V9,5,0.681370993335449,0.9800063471913678,0.998730561726436,0.45098039215686275
