combo,n,bases,acc_all,p_all_GG,p_all_SILVA,p_ge1_GG,p_ge1_SILVA,worst_phylum_all_GG,worst_phylum_all_SILVA
V4,1,209,0.9038645971007386,0.934,0.884,0.934,0.884,0.804,0.788
V8V9,1,252,0.7895752441226251,0.932,0.82,0.932,0.82,0.834,0.71
V1V2,1,214,0.785432614229868,0.812,0.698,0.812,0.698,0.667,0.682
V3,1,158,0.7852015480893255,0.949,0.932,0.949,0.932,0.818,0.86
V6V7,1,250,0.7811769280238512,0.952,0.896,0.952,0.896,0.855,0.891
V4+V8V9,2,461,0.921780527773069,0.874,0.753,0.993,0.952,0.725,0.677
V3+V4,2,367,0.9173673503983724,0.899,0.848,0.984,0.968,0.686,0.741
V4+V6V7,2,459,0.9172882409447928,0.899,0.818,0.987,0.962,0.782,0.747
V1V2+V4,2,423,0.911411538678872,0.768,0.651,0.979,0.932,0.559,0.564
V3+V8V9,2,410,0.8778182742837769,0.891,0.784,0.991,0.968,0.745,0.694
V1V2+V8V9,2,466,0.8755862575577783,0.762,0.643,0.983,0.876,0.608,0.565
V1V2+V6V7,2,464,0.8728456800587671,0.779,0.675,0.985,0.919,0.636,0.668
V3+V6V7,2,408,0.8716671106482939,0.915,0.854,0.985,0.974,0.782,0.8
V6V7+V8V9,2,502,0.8514098434762954,0.892,0.777,0.992,0.938,0.782,0.661
V1V2+V3,2,372,0.8511470870769056,0.783,0.672,0.978,0.959,0.6,0.582
V3+V4+V8V9,3,619,0.9394812680115274,0.846,0.73,0.998,0.981,0.627,0.627
V3+V4+V6V7,3,617,0.938181612702718,0.871,0.791,0.992,0.982,0.686,0.709
V1V2+V4+V8V9,3,675,0.9373622647906424,0.721,0.603,0.997,0.96,0.51,0.468
V1V2+V4+V6V7,3,673,0.9335198056167712,0.742,0.634,0.994,0.968,0.559,0.564
V4+V6V7+V8V9,3,711,0.9229954229530428,0.845,0.724,0.998,0.976,0.709,0.629
V1V2+V3+V4,3,581,0.9227835226309544,0.746,0.633,0.991,0.976,0.5,0.514
V1V2+V3+V8V9,3,624,0.9072441656777986,0.736,0.621,0.994,0.973,0.545,0.5
V1V2+V6V7+V8V9,3,716,0.9053229360908628,0.732,0.624,0.995,0.944,0.582,0.532
V3+V6V7+V8V9,3,660,0.901381590100017,0.859,0.751,0.995,0.983,0.709,0.645
V1V2+V3+V6V7,3,622,0.8988811662993728,0.756,0.652,0.991,0.978,0.582,0.577
V1V2+V4+V6V7+V8V9,4,925,0.9450189297621068,0.698,0.589,0.999,0.978,0.51,0.468
V1V2+V3+V4+V8V9,4,833,0.9435497541956264,0.703,0.588,0.998,0.983,0.451,0.432
V3+V4+V6V7+V8V9,4,869,0.9421794654461207,0.82,0.704,0.998,0.989,0.627,0.627
V1V2+V3+V4+V6V7,4,831,0.941713284737526,0.723,0.617,0.995,0.985,0.5,0.514
V1V2+V3+V6V7+V8V9,4,874,0.923857150929536,0.71,0.606,0.996,0.984,0.527,0.495
V1V2+V3+V4+V6V7+V8V9,5,1083,0.9536362095270384,0.681,0.575,0.999,0.99,0.451,0.432
