site,oligos,GG_n_valid,GG_cov,SILVA_n_valid,SILVA_cov
A2-F,1,199,0.915,350,0.934
A2-R,1,198,0.732,354,0.862
A3-F,2,198,0.899,353,0.943
A3-R,1,199,0.93,354,0.949
A4-F,2,198,0.742,351,0.883
A4-R,1,193,0.886,355,0.879
A5-F,2,202,0.851,353,0.771
A5-R,1,176,0.977,93,0.925
A1-F,1,91,0.989,125,0.96
A1-R,3,196,0.903,349,0.791
A4-F(原 906–927),1,201,0.955,349,0.957
A4-R(原),1,193,0.731,355,0.803
5R R1-F,1,200,0.67,309,0.657
5R R1-R,1,192,0.698,334,0.808
5R R2-F,1,199,0.894,350,0.911
5R R2-R,1,200,0.85,355,0.944
5R R3-F,1,201,0.682,352,0.801
5R R3-R,1,201,0.95,350,0.949
5R R4-F,1,201,0.194,351,0.279
5R R4-R,1,200,0.3,353,0.394
5R R5-F,1,192,0.656,354,0.732
5R R5-R,1,201,0.015,289,0.107
