site,genus,n,covered
A2-R,Mycoplasma,88,65
A2-R,Candidatus Phytoplasma,47,38
A2-R,Asteroleplasma,19,0
A2-R,Acholeplasma,19,19
A2-R,Ureaplasma,7,7
A4-F,Mycoplasma,89,73
A4-F,Candidatus Phytoplasma,46,25
A4-F,Asteroleplasma,19,8
A4-F,Acholeplasma,19,19
A4-F,Ureaplasma,7,5
A5-F,Mycoplasma,92,74
A5-F,Candidatus Phytoplasma,47,45
A5-F,Asteroleplasma,19,18
A5-F,Acholeplasma,19,17
A5-F,Ureaplasma,7,0
A1-R,Mycoplasma,91,83
A1-R,Candidatus Phytoplasma,44,39
A1-R,Asteroleplasma,17,16
A1-R,Acholeplasma,19,17
A1-R,Ureaplasma,7,7
A4-R,Mycoplasma,85,79
A4-R,Candidatus Phytoplasma,47,44
A4-R,Asteroleplasma,19,7
A4-R,Acholeplasma,19,18
A4-R,Ureaplasma,6,6
A2-F,Mycoplasma,91,79
A2-F,Candidatus Phytoplasma,45,44
A2-F,Asteroleplasma,19,15
A2-F,Acholeplasma,19,19
A2-F,Ureaplasma,7,7
A4-F(原 906–927),Mycoplasma,92,87
A4-F(原 906–927),Candidatus Phytoplasma,46,44
A4-F(原 906–927),Asteroleplasma,19,17
A4-F(原 906–927),Acholeplasma,19,19
A4-F(原 906–927),Ureaplasma,7,7
