start,L,fold,deg,k,cov_min,cov_gd,cov_s12,total_fold,tops
4,19,4,2,1,0.01852989352989353,0.01852989352989353,0.9134872783534114,4,AMAAAGAGTTTGATCMTGG
4,19,4,2,2,0.24170761670761673,0.24170761670761673,0.9134872783534114,8,AMAAAGAGTTTGATCMTGG | AYSAAGAGTTTGATCCTGG
4,19,4,2,3,0.24170761670761673,0.24170761670761673,0.9155303664393301,10,AMAAAGAGTTTGATCMTGG | AYSAAGAGTTTGATCCTGG | CCCMAGAGTTTGATCCTGG
4,19,8,3,1,0.01852989352989353,0.01852989352989353,0.927047627774911,8,AMAAAGRGTTTGATCMTGG
4,19,8,3,2,0.5086302211302212,0.5086302211302212,0.927047627774911,16,AMAAAGRGTTTGATCMTGG | YYSAAGAGTTTGATCCTGG
4,19,8,3,3,0.5086302211302212,0.5086302211302212,0.9290907158608295,17,AMAAAGRGTTTGATCMTGG | YYSAAGAGTTTGATCCTGG | CCCCAGAGTTTGATCCTGG
4,19,16,4,1,0.01852989352989353,0.01852989352989353,0.9344680245171038,16,AMAAAGRGTTTGATYMTGG
4,19,16,4,2,0.01852989352989353,0.01852989352989353,0.9365111126030224,17,AMAAAGRGTTTGATYMTGG | CCCCAGAGTTTGATCCTGG
4,21,4,2,1,0.01852989352989353,0.01852989352989353,0.91263761955776,4,AMAAAGAGTTTGATCMTGGCT
4,21,4,2,2,0.24170761670761673,0.24170761670761673,0.91263761955776,8,AMAAAGAGTTTGATCMTGGCT | AYSAAGAGTTTGATCCTGGCT
4,21,8,3,1,0.01852989352989353,0.01852989352989353,0.9261990515643114,8,AMAAAGRGTTTGATCMTGGCT
4,21,8,3,2,0.5127968877968878,0.5127968877968878,0.9261990515643114,16,AMAAAGRGTTTGATCMTGGCT | YYSAAGAGTTTGATCCTGGCT
4,21,8,3,3,0.5127968877968878,0.5127968877968878,0.9291344797499576,18,AMAAAGRGTTTGATCMTGGCT | YYSAAGAGTTTGATCCTGGCT | CCCCMGAGTTTGATCCTGGCT
4,21,16,4,1,0.01852989352989353,0.01852989352989353,0.9336225119932325,16,AMAAAGRGTTTGATYMTGGCT
4,21,16,4,2,0.01852989352989353,0.01852989352989353,0.9356656000791511,17,AMAAAGRGTTTGATYMTGGCT | CCCCAGAGTTTGATCCTGGCT
4,17,4,2,1,0.006756756756756757,0.006756756756756757,0.9269089941468066,4,AAAAAGAGTTTGATYMT
4,17,4,2,2,0.2450859950859951,0.2450859950859951,0.9269089941468066,8,AAAAAGAGTTTGATYMT | AYSAAGAGTTTGATCCT
4,17,4,2,3,0.2450859950859951,0.2450859950859951,0.9306487579963497,10,AAAAAGAGTTTGATYMT | AYSAAGAGTTTGATCCT | CCCCMGAGTTTGATCCT
4,17,8,3,1,0.02190827190827191,0.02190827190827191,0.9269089941468066,8,AMAAAGAGTTTGATYMT
4,17,8,3,2,0.3395939645939646,0.3395939645939646,0.9269089941468066,16,AMAAAGAGTTTGATYMT | YYCRAGAGTTTGATCCT
4,17,8,3,3,0.3395939645939646,0.3395939645939646,0.9306487579963497,18,AMAAAGAGTTTGATYMT | YYCRAGAGTTTGATCCT | CCCCMGAGTTTGATCCT
4,17,16,4,1,0.02190827190827191,0.02190827190827191,0.9269089941468066,8,AMAAAGAGTTTGATYMT
4,17,16,4,2,0.5828293328293328,0.5828293328293328,0.9269089941468066,24,AMAAAGAGTTTGATYMT | YYSRAGAGTTTGATCCT
4,17,16,4,3,0.5828293328293328,0.5828293328293328,0.9307365080840998,40,AMAAAGAGTTTGATYMT | YYSRAGAGTTTGATCCT | CCCCCSWGKTTGATYCT
4,17,16,4,4,0.5828293328293328,0.5828293328293328,0.9424638345578553,52,AMAAAGAGTTTGATYMT | YYSRAGAGTTTGATCCT | CCCCCSWGKTTGATYCT | AAAAAKAGTTTGATCBY
4,17,16,4,5,0.5828293328293328,0.5828293328293328,0.9458437362568023,60,AMAAAGAGTTTGATYMT | YYSRAGAGTTTGATCCT | CCCCCSWGKTTGATYCT | AAAAAKAGTTTGATCBY | AAAAAGAGTTWGATMST
4,23,4,2,1,0.01852989352989353,0.01852989352989353,0.9084596375571864,4,AMAAAGAGTTTGATCMTGGCTCA
4,23,4,2,2,0.01852989352989353,0.01852989352989353,0.925714869788295,8,AMAAAGAGTTTGATCMTGGCTCA | AAAAAGRGTTTGATYCTGGCTCA
4,23,4,2,3,0.06354934479934479,0.06354934479934479,0.925714869788295,12,AMAAAGAGTTTGATCMTGGCTCA | AAAAAGRGTTTGATYCTGGCTCA | YYCAAGAGTTTGATCCTGGCTCA
4,23,4,2,4,0.08627661752661753,0.08627661752661753,0.9277653110144503,16,AMAAAGAGTTTGATCMTGGCTCA | AAAAAGRGTTTGATYCTGGCTCA | YYCAAGAGTTTGATCCTGGCTCA | MCSCAGAGTTTGATCCTGGCTCA
4,23,4,2,5,0.2521242833742834,0.2521242833742834,0.9277653110144503,20,AMAAAGAGTTTGATCMTGGCTCA | AAAAAGRGTTTGATYCTGGCTCA | YYCAAGAGTTTGATCCTGGCTCA | MCSCAGAGTTTGATCCTGGCTCA | AYSAAGAGTTTGATCCTGGCTCA
4,23,4,2,6,0.2521242833742834,0.2521242833742834,0.9286650042544146,22,AMAAAGAGTTTGATCMTGGCTCA | AAAAAGRGTTTGATYCTGGCTCA | YYCAAGAGTTTGATCCTGGCTCA | MCSCAGAGTTTGATCCTGGCTCA | AYSAAGAGTTTGATCCTGGCTCA | CCCCMGAGTTTGATCCTGGCTCA
4,23,8,3,1,0.01852989352989353,0.01852989352989353,0.9212726468843329,8,AMAAAGRGTTTGATCMTGGCTCA
4,23,8,3,2,0.5816953316953317,0.5816953316953317,0.9212726468843329,16,AMAAAGRGTTTGATCMTGGCTCA | WYSAAGAGTTTGATCCTGGCTCA
4,23,8,3,3,0.5816953316953317,0.5816953316953317,0.9242227813504524,18,AMAAAGRGTTTGATCMTGGCTCA | WYSAAGAGTTTGATCCTGGCTCA | CCCCMGAGTTTGATCCTGGCTCA
4,23,16,4,1,0.01852989352989353,0.01852989352989353,0.9287204591900017,16,AMAAAGRGTTTGATYMTGGCTCA
4,23,16,4,2,0.7235616298116297,0.7235616298116297,0.9287204591900017,32,AMAAAGRGTTTGATYMTGGCTCA | YYSRAGAGTTTGATCCTGGCTCA
4,23,16,4,3,0.7235616298116297,0.7235616298116297,0.931758598584397,34,AMAAAGRGTTTGATYMTGGCTCA | YYSRAGAGTTTGATCCTGGCTCA | CCCCCGWGTTTGATCCTGGCTCA
5,19,4,2,1,0.19658588072910324,0.19658588072910324,0.9142971325240118,4,ARAAGAGTTTGATCMTGGC
5,19,4,2,2,0.7715230787967361,0.7715230787967361,0.9142971325240118,8,ARAAGAGTTTGATCMTGGC | YCRAGAGTTTGATCCTGGC
5,19,4,2,3,0.7715230787967361,0.7715230787967361,0.9164280554803739,10,ARAAGAGTTTGATCMTGGC | YCRAGAGTTTGATCCTGGC | CCCMGTGTTTGATCCTGGC
5,19,4,2,4,0.7715230787967361,0.7715230787967361,0.9301651572278121,14,ARAAGAGTTTGATCMTGGC | YCRAGAGTTTGATCCTGGC | CCCMGTGTTTGATCCTGGC | AAAAGKGTTTGATYCTGGC
5,19,8,3,1,0.6423132383388138,0.6423132383388138,0.9142971325240118,8,WRAAGAGTTTGATCMTGGC
5,19,8,3,2,0.846680469289165,0.846680469289165,0.9163402206099303,16,WRAAGAGTTTGATCMTGGC | YSSAGAGTTTGATCCTGGC
5,19,8,3,3,0.846680469289165,0.846680469289165,0.9345178426967194,22,WRAAGAGTTTGATCMTGGC | YSSAGAGTTTGATCCTGGC | AAAAGDGTTTGATYCTGGC
5,19,8,3,4,0.846680469289165,0.846680469289165,0.9346056775671631,23,WRAAGAGTTTGATCMTGGC | YSSAGAGTTTGATCCTGGC | AAAAGDGTTTGATYCTGGC | CCCCGTGTTTGATCCTGGC
5,19,16,4,1,0.7972756870864287,0.7972756870864287,0.9142971325240118,16,WRRAGAGTTTGATCMTGGC
5,19,16,4,2,0.8172756870864287,0.8172756870864287,0.9172325607096579,20,WRRAGAGTTTGATCMTGGC | CCCMGWGTTTGATCCTGGC
5,19,16,4,3,0.8172756870864287,0.8172756870864287,0.9382102941901724,32,WRRAGAGTTTGATCMTGGC | CCCMGWGTTTGATCCTGGC | AAAAGDGTTYGATYCTGGC
5,17,4,2,1,0.19638746803069054,0.19638746803069054,0.9100221981607319,4,ARAAGAGTTTGATCMTG
5,17,4,2,2,0.7695885549872123,0.7695885549872123,0.9100221981607319,8,ARAAGAGTTTGATCMTG | YCRAGAGTTTGATCCTG
5,17,4,2,3,0.7695885549872123,0.7695885549872123,0.9263389567789272,12,ARAAGAGTTTGATCMTG | YCRAGAGTTTGATCCTG | AAAAGAGTTTGATYMTG
5,17,4,2,4,0.7695885549872123,0.7695885549872123,0.9284698797352895,16,ARAAGAGTTTGATCMTG | YCRAGAGTTTGATCCTG | AAAAGAGTTTGATYMTG | CCCCSTGKTTGATCCTG
5,17,4,2,5,0.7695885549872123,0.7695885549872123,0.9354187273716523,19,ARAAGAGTTTGATCMTG | YCRAGAGTTTGATCCTG | AAAAGAGTTTGATYMTG | CCCCSTGKTTGATCCTG | AAAAGAGTTTGATCBTG
5,17,4,2,6,0.7695885549872123,0.7695885549872123,0.9399140060210525,23,ARAAGAGTTTGATCMTG | YCRAGAGTTTGATCCTG | AAAAGAGTTTGATYMTG | CCCCSTGKTTGATCCTG | AAAAGAGTTTGATCBTG | AAAAKAGTTTGATCCYG
5,17,8,3,1,0.6411227621483375,0.6411227621483375,0.9100221981607319,8,WRAAGAGTTTGATCMTG
5,17,8,3,2,0.8264165601023018,0.8264165601023018,0.9100221981607319,16,WRAAGAGTTTGATCMTG | YSRAGAGTTTGATCCTG
5,17,8,3,3,0.8264165601023018,0.8264165601023018,0.9263311874038785,22,WRAAGAGTTTGATCMTG | YSRAGAGTTTGATCCTG | AAAAGKGTTTGATCVTG
5,17,8,3,4,0.8264165601023018,0.8264165601023018,0.9292666155895247,30,WRAAGAGTTTGATCMTG | YSRAGAGTTTGATCCTG | AAAAGKGTTTGATCVTG | CCCCSWGKTTGATCCTG
5,17,8,3,5,0.8264165601023018,0.8264165601023018,0.940636892938501,38,WRAAGAGTTTGATCMTG | YSRAGAGTTTGATCCTG | AAAAGKGTTTGATCVTG | CCCCSWGKTTGATCCTG | AAAAGAGTTTSATYYTG
5,17,8,3,6,0.8264165601023018,0.8264165601023018,0.9462963844757352,46,WRAAGAGTTTGATCMTG | YSRAGAGTTTGATCCTG | AAAAGKGTTTGATCVTG | CCCCSWGKTTGATCCTG | AAAAGAGTTTSATYYTG | AAAAGAGTTWGATCCYS
5,17,16,4,1,0.7952915601023018,0.7952915601023018,0.9100221981607319,16,WRRAGAGTTTGATCMTG
5,17,16,4,2,0.7952915601023018,0.7952915601023018,0.9275697702605131,25,WRRAGAGTTTGATCMTG | AAAAGDGTTTGATCVTG
5,17,16,4,3,0.7952915601023018,0.7952915601023018,0.9305930333166028,37,WRRAGAGTTTGATCMTG | AAAAGDGTTTGATCVTG | CCCCBWGKTTGATCCTG
5,17,16,4,4,0.7952915601023018,0.7952915601023018,0.9446542526543419,53,WRRAGAGTTTGATCMTG | AAAAGDGTTTGATCVTG | CCCCBWGKTTGATCCTG | AAAAGAGTTTSATYYYG
5,17,16,4,5,0.7974654731457801,0.7974654731457801,0.9475679074363974,59,WRRAGAGTTTGATCMTG | AAAAGDGTTTGATCVTG | CCCCBWGKTTGATCCTG | AAAAGAGTTTSATYYYG | AAAAGAGTTWGATCCTD
5,21,4,2,1,0.19679069383714215,0.19679069383714215,0.9073899927979969,4,ARAAGAGTTTGATCMTGGCTC
5,21,4,2,2,0.7762466793168881,0.7762466793168881,0.9073899927979969,8,ARAAGAGTTTGATCMTGGCTC | YRAAGAGTTTGATCCTGGCTC
5,21,4,2,3,0.7762466793168881,0.7762466793168881,0.9254134943911119,12,ARAAGAGTTTGATCMTGGCTC | YRAAGAGTTTGATCCTGGCTC | AAAAGRGTTTGATYCTGGCTC
5,21,4,2,4,0.8456830294530155,0.8456830294530155,0.9274637655594348,16,ARAAGAGTTTGATCMTGGCTC | YRAAGAGTTTGATCCTGGCTC | AAAAGRGTTTGATYCTGGCTC | YYCAGAGTTTGATCCTGGCTC
5,21,4,2,5,0.8456830294530155,0.8456830294530155,0.9284511236120103,18,ARAAGAGTTTGATCMTGGCTC | YRAAGAGTTTGATCCTGGCTC | AAAAGRGTTTGATYCTGGCTC | YYCAGAGTTTGATCCTGGCTC | CCCCGWGTTTGATCCTGGCTC
5,21,8,3,1,0.6435421169870473,0.6435421169870473,0.9073899927979969,8,WRAAGAGTTTGATCMTGGCTC
5,21,8,3,2,0.7794724857685009,0.7794724857685009,0.9119423602586321,16,WRAAGAGTTTGATCMTGGCTC | MRAAGAGTTTGATCCTGGCTY
5,21,8,3,3,0.843652008910156,0.843652008910156,0.9210070292375455,24,WRAAGAGTTTGATCMTGGCTC | MRAAGAGTTTGATCCTGGCTY | WYWAGAGTTTGATCCTGGCTC
5,21,8,3,4,0.843652008910156,0.843652008910156,0.9392062005715477,30,WRAAGAGTTTGATCMTGGCTC | MRAAGAGTTTGATCCTGGCTY | WYWAGAGTTTGATCCTGGCTC | AAAAGDGTTTGATYCTGGCTC
5,21,8,3,5,0.843652008910156,0.843652008910156,0.9422438297924459,32,WRAAGAGTTTGATCMTGGCTC | MRAAGAGTTTGATCCTGGCTY | WYWAGAGTTTGATCCTGGCTC | AAAAGDGTTTGATYCTGGCTC | CCCCGWGTTTGATCCTGGCTC
5,21,16,4,1,0.8073238181668181,0.8073238181668181,0.9073899927979969,16,WRRAGAGTTTGATCMTGGCTC
5,21,16,4,2,0.8073238181668181,0.8073238181668181,0.9301415315926345,28,WRRAGAGTTTGATCMTGGCTC | AAAAGDGTTTGATYCTGGCTY
5,21,16,4,3,0.8073238181668181,0.8073238181668181,0.9331791608135327,30,WRRAGAGTTTGATCMTGGCTC | AAAAGDGTTTGATYCTGGCTY | CCCCGWGTTTGATCCTGGCTC
6,17,4,2,1,0.778083326044491,0.778083326044491,0.9134872783534114,4,RAAGAGTTTGATCMTGG
6,17,4,2,2,0.8668309085784813,0.8668309085784813,0.924767433276529,8,RAAGAGTTTGATCMTGG | YYAGAGTTTGATCCTGG
6,17,4,2,3,0.8668309085784813,0.8668309085784813,0.9385034524389156,12,RAAGAGTTTGATCMTGG | YYAGAGTTTGATCCTGG | AAAGKGTTTGATYCTGG
6,17,4,2,4,0.8668309085784813,0.8668309085784813,0.9385912873093591,13,RAAGAGTTTGATCMTGG | YYAGAGTTTGATCCTGG | AAAGKGTTTGATYCTGG | CCCGTGTTTGATCCTGG
6,17,8,3,1,0.778083326044491,0.778083326044491,0.927047627774911,8,RAAGRGTTTGATCMTGG
6,17,8,3,2,0.868772656151297,0.868772656151297,0.9454767731614221,16,RAAGRGTTTGATCMTGG | YYWGAGTTTGATCCTGG
6,17,8,3,3,0.868772656151297,0.868772656151297,0.9455646080318657,17,RAAGRGTTTGATCMTGG | YYWGAGTTTGATCCTGG | CCCGTGTTTGATCCTGG
6,17,16,4,1,0.8211055715910085,0.8211055715910085,0.927047627774911,12,VAAGRGTTTGATCMTGG
6,17,16,4,2,0.868772656151297,0.868772656151297,0.9392201227977561,28,VAAGRGTTTGATCMTGG | YYMGWGTTTGATCCTGG
6,19,4,2,1,0.7797493756557461,0.7797493756557461,0.91263761955776,4,RAAGAGTTTGATCMTGGCT
6,19,4,2,2,0.8690152847354602,0.8690152847354602,0.9239210222360325,8,RAAGAGTTTGATCMTGGCT | YYAGAGTTTGATCCTGGCT
6,19,4,2,3,0.8690152847354602,0.8690152847354602,0.9376581239834709,12,RAAGAGTTTGATCMTGGCT | YYAGAGTTTGATCCTGGCT | AAAGKGTTTGATYCTGGCT
6,19,4,2,4,0.8690152847354602,0.8690152847354602,0.9386382989536421,14,RAAGAGTTTGATCMTGGCT | YYAGAGTTTGATCCTGGCT | AAAGKGTTTGATYCTGGCT | CCCGWGTTTGATCCTGGCT
6,19,8,3,1,0.8195399309403832,0.8195399309403832,0.9128132892986472,8,RRAGAGTTTGATCMTGGCT
6,19,8,3,2,0.9005866619379056,0.9005866619379056,0.9240966919769197,16,RRAGAGTTTGATCMTGGCT | YYAGWGTTTGATCCTGGCT
6,19,8,3,3,0.9005866619379056,0.9005866619379056,0.9422743140637091,22,RRAGAGTTTGATCMTGGCT | YYAGWGTTTGATCCTGGCT | AAAGDGTTTGATYCTGGCT
6,19,8,3,4,0.9005866619379056,0.9005866619379056,0.9432544890338801,24,RRAGAGTTTGATCMTGGCT | YYAGWGTTTGATCCTGGCT | AAAGDGTTTGATYCTGGCT | CCCGWGTTTGATCCTGGCT
6,19,16,4,1,0.8269473383477907,0.8269473383477907,0.9263747213051985,16,RRAGRGTTTGATCMTGGCT
6,19,16,4,2,0.8969264037278399,0.8969264037278399,0.9457888602566359,32,RRAGRGTTTGATCMTGGCT | YYYGWGTTTGATCCTGGCT
5,23,4,2,1,0.19482830908557294,0.19482830908557294,0.892589542675394,4,ARAAGAGTTTGATCMTGGCTCAG
5,23,4,2,2,0.6135119701480022,0.6135119701480022,0.892589542675394,8,ARAAGAGTTTGATCMTGGCTCAG | WARAGAGTTTGATCCTGGCTCAG
5,23,4,2,3,0.6135119701480022,0.6135119701480022,0.9098452677188346,12,ARAAGAGTTTGATCMTGGCTCAG | WARAGAGTTTGATCCTGGCTCAG | AAAAGRGTTTGATYCTGGCTCAG
5,23,4,2,4,0.7501298058781604,0.7501298058781604,0.915731300326686,16,ARAAGAGTTTGATCMTGGCTCAG | WARAGAGTTTGATCCTGGCTCAG | AAAAGRGTTTGATYCTGGCTCAG | CRAAGAGTTTGATCCTGGCTCAR
5,23,4,2,5,0.7701298058781603,0.7701298058781603,0.9186814347928056,20,ARAAGAGTTTGATCMTGGCTCAG | WARAGAGTTTGATCCTGGCTCAG | AAAAGRGTTTGATYCTGGCTCAG | CRAAGAGTTTGATCCTGGCTCAR | CCMMGAGTTTGATCCTGGCTCAG
5,23,4,2,6,0.7701298058781603,0.7701298058781603,0.9266089486017477,24,ARAAGAGTTTGATCMTGGCTCAG | WARAGAGTTTGATCCTGGCTCAG | AAAAGRGTTTGATYCTGGCTCAG | CRAAGAGTTTGATCCTGGCTCAR | CCMMGAGTTTGATCCTGGCTCAG | AAAAGAGTTTGATCCTGGCTYAS
5,23,8,3,1,0.6426373736950233,0.6426373736950233,0.892589542675394,8,WRAAGAGTTTGATCMTGGCTCAG
5,23,8,3,2,0.6426373736950233,0.6426373736950233,0.9169379960607962,16,WRAAGAGTTTGATCMTGGCTCAG | AAAAGRGTTTGATYCTGGCTCAR
5,23,8,3,3,0.8567740555951533,0.8567740555951533,0.9189884372869517,24,WRAAGAGTTTGATCMTGGCTCAG | AAAAGRGTTTGATYCTGGCTCAR | YSSAGAGTTTGATCCTGGCTCAG
5,23,8,3,4,0.8567740555951533,0.8567740555951533,0.9270919609524455,32,WRAAGAGTTTGATCMTGGCTCAG | AAAAGRGTTTGATYCTGGCTCAR | YSSAGAGTTTGATCCTGGCTCAG | AAAAGWGTTTGATCCTGGCTYAS
5,23,16,4,1,0.8072651880424301,0.8072651880424301,0.892589542675394,16,WRRAGAGTTTGATCMTGGCTCAG
5,23,16,4,2,0.8072651880424301,0.8072651880424301,0.9213075348255866,32,WRRAGAGTTTGATCMTGGCTCAG | AAAAGRGTTTGATYCTGGCTYAR
5,23,16,4,3,0.82726518804243,0.82726518804243,0.9243456742199821,36,WRRAGAGTTTGATCMTGGCTCAG | AAAAGRGTTTGATYCTGGCTYAR | CCCMGWGTTTGATCCTGGCTCAG
6,21,4,2,1,0.7778076280829306,0.7778076280829306,0.9084596375571864,4,RAAGAGTTTGATCMTGGCTCA
6,21,4,2,2,0.8203792860555728,0.8203792860555728,0.9161934159166001,8,RAAGAGTTTGATCMTGGCTCA | WWAGAGTTTGATCCTGGCTCA
6,21,4,2,3,0.8203792860555728,0.8203792860555728,0.9291824351002984,12,RAAGAGTTTGATCMTGGCTCA | WWAGAGTTTGATCCTGGCTCA | AAAGKGTTTGATYCTGGCTCA
6,21,4,2,4,0.8561284252732584,0.8561284252732584,0.9322205744946941,16,RAAGAGTTTGATCMTGGCTCA | WWAGAGTTTGATCCTGGCTCA | AAAGKGTTTGATYCTGGCTCA | CCMGWGTTTGATCCTGGCTCA
6,21,8,3,1,0.8175981833675676,0.8175981833675676,0.9086356474137385,8,RRAGAGTTTGATCMTGGCTCA
6,21,8,3,2,0.8175981833675676,0.8175981833675676,0.9260668895013988,14,RRAGAGTTTGATCMTGGCTCA | AAAGDGTTTGATYCTGGCTCA
6,21,8,3,3,0.8856355011748015,0.8856355011748015,0.936838807255208,22,RRAGAGTTTGATCMTGGCTCA | AAAGDGTTTGATYCTGGCTCA | YYCGWGTTTGATCCTGGCTCA
6,21,16,4,1,0.825005590774975,0.825005590774975,0.9214486567408848,16,RRAGRGTTTGATCMTGGCTCA
6,21,16,4,2,0.9079940693453128,0.9079940693453128,0.9383852269517231,32,RRAGRGTTTGATCMTGGCTCA | YYWGWGTTTGATCCTGGCTCA
6,21,16,4,3,0.9079940693453128,0.9079940693453128,0.9393729251199635,34,RRAGRGTTTGATCMTGGCTCA | YYWGWGTTTGATCCTGGCTCA | CCCGWGTTTGATCCTGGCTCA
7,17,4,2,1,0.9301414695945946,0.9301414695945946,0.9308006679996641,4,AAGAGTTTGATYMTGGC
7,17,4,2,2,0.9382247090840841,0.9382247090840841,0.942976410777664,8,AAGAGTTTGATYMTGGC | YCGWGTTTGATCCTGGC
7,17,8,3,1,0.9407406570432367,0.9443010979729729,0.9407406570432367,8,WAGAGTTTGATYMTGGC
7,17,8,3,2,0.9447865102485546,0.9524190596846847,0.9447865102485546,16,WAGAGTTTGATYMTGGC | MCGWGTTTGATCCTRGC
7,17,16,4,1,0.9476143585006643,0.9489815596846847,0.9476143585006643,16,WAGRGTTTGATYMTGGC
7,17,16,4,2,0.9518358814468694,0.9611289414414415,0.9518358814468694,32,WAGRGTTTGATYMTGGC | MMGWGTTTGATCCTRGC
7,19,4,2,1,0.9239150775208622,0.9315195806124916,0.9239150775208622,4,AAGAGTTTGATYMTGGCTC
7,19,4,2,2,0.9360173757206738,0.9396140057843079,0.9360173757206738,8,AAGAGTTTGATYMTGGCTC | YCGWGTTTGATCCTGGCTC
7,19,8,3,1,0.9336794209509943,0.9456903946731967,0.9336794209509943,8,WAGAGTTTGATYMTGGCTC
7,19,8,3,2,0.9367170501718927,0.9505587408927384,0.9367170501718927,10,WAGAGTTTGATYMTGGCTC | CCGWGTTTGATCCTGGCTC
7,19,16,4,1,0.940574671655635,0.9503708563849085,0.940574671655635,16,WAGRGTTTGATYMTGGCTC
7,19,16,4,2,0.9436123008765332,0.95523920260445,0.9436123008765332,18,WAGRGTTTGATYMTGGCTC | CCGWGTTTGATCCTGGCTC
6,23,4,2,1,0.7739644012944983,0.7739644012944983,0.8710978664465769,4,RAAGAGTTTGATCCTGGCTCAGR
6,23,4,2,2,0.7739644012944983,0.7739644012944983,0.8917000768259805,8,RAAGAGTTTGATCCTGGCTCAGR | AAAGAGTTTGATYMTGGCTCAGG
6,23,4,2,3,0.7795199568500539,0.7795199568500539,0.8977632131469189,12,RAAGAGTTTGATCCTGGCTCAGR | AAAGAGTTTGATYMTGGCTCAGG | ARAGAGTTTGATCCTGGCTCAGS
6,23,4,2,4,0.8197051420352391,0.8197051420352391,0.8997256494447982,16,RAAGAGTTTGATCCTGGCTCAGR | AAAGAGTTTGATYMTGGCTCAGG | ARAGAGTTTGATCCTGGCTCAGS | MMAGAGTTTGATCCTGGCTCAGG
6,23,4,2,5,0.8197051420352391,0.8197051420352391,0.9067305434106704,20,RAAGAGTTTGATCCTGGCTCAGR | AAAGAGTTTGATYMTGGCTCAGG | ARAGAGTTTGATCCTGGCTCAGS | MMAGAGTTTGATCCTGGCTCAGG | AAAGAGTTTGATCCTGGCTCARR
6,23,4,2,6,0.8197051420352391,0.8197051420352391,0.9092222257657074,24,RAAGAGTTTGATCCTGGCTCAGR | AAAGAGTTTGATYMTGGCTCAGG | ARAGAGTTTGATCCTGGCTCAGS | MMAGAGTTTGATCCTGGCTCAGG | AAAGAGTTTGATCCTGGCTCARR | AAAGAGTTTGATMYTGGCTCAGG
6,23,8,3,1,0.7795199568500539,0.7795199568500539,0.8911192045622016,8,RAAGAGTTTGATCMTGGCTCAGR
6,23,8,3,2,0.7924829198130169,0.7924829198130169,0.9022673305052897,16,RAAGAGTTTGATCMTGGCTCAGR | ARAGAGTTTGATYCTGGCTCAGS
6,23,8,3,3,0.8326681049982021,0.8326681049982021,0.9072133940177577,24,RAAGAGTTTGATCMTGGCTCAGR | ARAGAGTTTGATYCTGGCTCAGS | MMAGAGTTTGATCCTGGCTCARG
6,23,8,3,4,0.8326681049982021,0.8326681049982021,0.9122316292776741,32,RAAGAGTTTGATCMTGGCTCAGR | ARAGAGTTTGATYCTGGCTCAGS | MMAGAGTTTGATCCTGGCTCARG | AAAGKGTTTGATCMTGGCTCASG
6,23,16,4,1,0.8194246673858325,0.8194246673858325,0.8912953849709401,16,RRAGAGTTTGATCMTGGCTCAGR
6,23,16,4,2,0.8596098525710177,0.8596098525710177,0.9044059472119076,32,RRAGAGTTTGATCMTGGCTCAGR | MMAGAGTTTGATYCTGGCTCAGS
6,23,16,4,3,0.8596098525710177,0.8596098525710177,0.9223755630737066,48,RRAGAGTTTGATCMTGGCTCAGR | MMAGAGTTTGATYCTGGCTCAGS | AAAGKGTTTGATYCTGGCTCARR
7,21,4,2,1,0.9083474233788459,0.9170158998283998,0.9083474233788459,4,AAGAGTTTGATYMTGGCTCAG
7,21,4,2,2,0.9229720016403615,0.9364826321857571,0.9229720016403615,8,AAGAGTTTGATYMTGGCTCAG | WWGAGTTTGATCCTGGCTCAG
7,21,4,2,3,0.9335347000981989,0.9493360548048048,0.9335347000981989,12,AAGAGTTTGATYMTGGCTCAG | WWGAGTTTGATCCTGGCTCAG | AAGWGTTTGATCCTGGCTCAM
7,21,4,2,4,0.9365728394925945,0.9493360548048048,0.9365728394925945,14,AAGAGTTTGATYMTGGCTCAG | WWGAGTTTGATCCTGGCTCAG | AAGWGTTTGATCCTGGCTCAM | CCGWGTTTGATCCTGGCTCAG
7,21,8,3,1,0.9165206753069957,0.9311980507293007,0.9165206753069957,8,WAGAGTTTGATYMTGGCTCAG
7,21,8,3,2,0.927259383621385,0.9440514733483484,0.927259383621385,14,WAGAGTTTGATYMTGGCTCAG | AAGWGTTTGATCCTGGCTCAV
7,21,8,3,3,0.9302975230157805,0.9482744463213213,0.9302975230157805,16,WAGAGTTTGATYMTGGCTCAG | AAGWGTTTGATCCTGGCTCAV | CCGWGTTTGATCCTGGCTCAG
7,21,16,4,1,0.9234169463586308,0.9358785124410125,0.9234169463586308,16,WAGRGTTTGATYMTGGCTCAG
7,21,16,4,2,0.9362060958991753,0.9563332864114114,0.9362060958991753,28,WAGRGTTTGATYMTGGCTCAG | MAGWGTTTGATCCTGGCTCAV
8,17,4,2,1,0.940837977802741,0.983307008702677,0.940837977802741,4,AGRGTTTGATCMTGGCT
8,17,4,2,2,0.9458766951270795,0.9838529552882265,0.9458766951270795,8,AGRGTTTGATCMTGGCT | YGWGTTTGATCCTGGCT
8,17,8,3,1,0.9498972641063702,0.9870966746089035,0.9498972641063702,8,AGRGTTTGATYMTGGCT
8,17,8,3,2,0.9566767088631356,0.9876426211944527,0.9566767088631356,16,AGRGTTTGATYMTGGCT | YGWGTTTGATCCTGGCK
8,17,16,4,1,0.9498972641063702,0.9870966746089035,0.9498972641063702,8,AGRGTTTGATYMTGGCT
8,17,16,4,2,0.9574812140924197,0.9876426211944527,0.9574812140924197,24,AGRGTTTGATYMTGGCT | YGWGTWTGATCCTGGCK
8,17,16,4,3,0.9574812140924197,0.9876426211944527,0.9574812140924197,40,AGRGTTTGATYMTGGCT | YGWGTWTGATCCTGGCK | YYTGKTTGATCCTGCCW
8,17,16,4,4,0.962866096171433,0.9926327291152404,0.962866096171433,56,AGRGTTTGATYMTGGCT | YGWGTWTGATCCTGGCK | YYTGKTTGATCCTGCCW | AGAGTTTGATMYTGKYT
8,17,16,4,5,0.9662935945569977,0.9936898115676717,0.9662935945569977,68,AGRGTTTGATYMTGGCT | YGWGTWTGATCCTGGCK | YYTGKTTGATCCTGCCW | AGAGTTTGATMYTGKYT | AGAGTTHGATCCTGRCY
8,17,16,4,6,0.9684245175133598,0.9940791043623046,0.9684245175133598,74,AGRGTTTGATYMTGGCT | YGWGTWTGATCCTGGCK | YYTGKTTGATCCTGCCW | AGAGTTTGATMYTGKYT | AGAGTTHGATCCTGRCY | AGAGTTTDATCATGGMT
8,19,4,2,1,0.9344142500442408,0.9807593404824089,0.9344142500442408,4,AGRGTTTGATCMTGGCTCA
8,19,4,2,2,0.9394609300482396,0.9812198498638153,0.9394609300482396,8,AGRGTTTGATCMTGGCTCA | YGWGTTTGATCCTGGCTCA
8,19,8,3,1,0.9434979875905437,0.984562202050337,0.9434979875905437,8,AGRGTTTGATYMTGGCTCA
8,19,8,3,2,0.9502855650848019,0.9850227114317434,0.9502855650848019,16,AGRGTTTGATYMTGGCTCA | YGWGTTTGATCCTGGCKCA
8,19,8,3,3,0.9560444048909736,0.9870011458026937,0.9560444048909736,24,AGRGTTTGATYMTGGCTCA | YGWGTTTGATCCTGGCKCA | MGWGTTTGATCCTGGCTKA
8,19,16,4,1,0.9434979875905437,0.984562202050337,0.9434979875905437,8,AGRGTTTGATYMTGGCTCA
8,19,16,4,2,0.9512803515160936,0.9863402344883968,0.9512803515160936,24,AGRGTTTGATYMTGGCTCA | YGWGTTTGATCCTGGCKSA
7,23,4,2,1,0.8058720391309677,0.8058720391309677,0.8427304085824248,4,AAGAGTTTGATCCTGGCTCAGRW
7,23,4,2,2,0.857225688698903,0.857225688698903,0.8641444783224571,8,AAGAGTTTGATCCTGGCTCAGRW | AAGAGTTTGATYMTGGCTCAGGA
7,23,4,2,3,0.8664280112382792,0.8664280112382792,0.8743190636169298,12,AAGAGTTTGATCCTGGCTCAGRW | AAGAGTTTGATYMTGGCTCAGGA | WAGAGTTTGATCCTGGCTCAGGR
7,23,4,2,4,0.8762814999148091,0.8858709235383343,0.8762814999148091,15,AAGAGTTTGATCCTGGCTCAGRW | AAGAGTTTGATYMTGGCTCAGGA | WAGAGTTTGATCCTGGCTCAGGR | VAGAGTTTGATCCTGGCTCAGGA
7,23,4,2,5,0.8832250407950681,0.8858709235383343,0.8832250407950681,19,AAGAGTTTGATCCTGGCTCAGRW | AAGAGTTTGATYMTGGCTCAGGA | WAGAGTTTGATCCTGGCTCAGGR | VAGAGTTTGATCCTGGCTCAGGA | AAGAGTTTGATCCTGGCTCARRA
7,23,4,2,6,0.8858709235383343,0.8858709235383343,0.8861009876346437,23,AAGAGTTTGATCCTGGCTCAGRW | AAGAGTTTGATYMTGGCTCAGGA | WAGAGTTTGATCCTGGCTCAGGR | VAGAGTTTGATCCTGGCTCAGGA | AAGAGTTTGATCCTGGCTCARRA | AAGAGTTTGATCYTGGCTCASGA
7,23,8,3,1,0.8466689744591531,0.8466689744591531,0.8635257191702529,8,AAGAGTTTGATCMTGGCTCAGRW
7,23,8,3,2,0.8744098571667411,0.8909738022461237,0.8744098571667411,14,AAGAGTTTGATCMTGGCTCAGRW | DAGAGTTTGATYCTGGCTCAGGA
7,23,8,3,3,0.9070252294535465,0.9277359550239014,0.9070252294535465,22,AAGAGTTTGATCMTGGCTCAGRW | DAGAGTTTGATYCTGGCTCAGGA | AAGAGTTTGATYCTGGCTCAGRR
7,23,8,3,4,0.915931206631685,0.9353430519167126,0.915931206631685,30,AAGAGTTTGATCMTGGCTCAGRW | DAGAGTTTGATYCTGGCTCAGGA | AAGAGTTTGATYCTGGCTCAGRR | MAGAGTTTGATCCTGGCTCARRA
7,23,8,3,5,0.9191084133306635,0.9422440935833793,0.9191084133306635,38,AAGAGTTTGATCMTGGCTCAGRW | DAGAGTTTGATYCTGGCTCAGGA | AAGAGTTTGATYCTGGCTCAGRR | MAGAGTTTGATCCTGGCTCARRA | WAGTGTTTGATCCTGGCTCASRA
7,23,16,4,1,0.8793528206241209,0.8889965220322362,0.8793528206241209,16,AAGAGTTTGATYMTGGCTCAGRW
7,23,16,4,2,0.9232431809998773,0.9232431809998773,0.9236833302437372,32,AAGAGTTTGATYMTGGCTCAGRW | WWGAGTTTGATCCTGGCTCAGRR
7,23,16,4,3,0.9294931809998774,0.9294931809998774,0.9338040778229746,44,AAGAGTTTGATYMTGGCTCAGRW | WWGAGTTTGATCCTGGCTCAGRR | AAGWGTTTGATCCTGGCTCAVRA
7,23,16,4,4,0.9365782024325423,0.9447073747854997,0.9365782024325423,60,AAGAGTTTGATYMTGGCTCAGRW | WWGAGTTTGATCCTGGCTCAGRR | AAGWGTTTGATCCTGGCTCAVRA | SMGWGTTTGATCCTGGCTCAGKA
8,21,4,2,1,0.9016089591275737,0.9725209753456134,0.9016089591275737,4,AGAGTTTGATCMTGGCTCAGR
8,21,4,2,2,0.9076720954485118,0.9727086878939759,0.9076720954485118,8,AGAGTTTGATCMTGGCTCAGR | AGWGTTTGATCCTGGCTCAGS
8,21,4,2,3,0.9153448490178963,0.9734176044096039,0.9153448490178963,12,AGAGTTTGATCMTGGCTCAGR | AGWGTTTGATCCTGGCTCAGS | AGKGTTTGATCCTGGCTCAGR
8,21,4,2,4,0.921231052177934,0.9736763589378082,0.921231052177934,16,AGAGTTTGATCMTGGCTCAGR | AGWGTTTGATCCTGGCTCAGS | AGKGTTTGATCCTGGCTCAGR | AGTGTTTGATCCTGGCTCARR
8,21,4,2,5,0.9243871873648921,0.9753388880320674,0.9243871873648921,20,AGAGTTTGATCMTGGCTCAGR | AGWGTTTGATCCTGGCTCAGS | AGKGTTTGATCCTGGCTCAGR | AGTGTTTGATCCTGGCTCARR | AGTGTTTGATCCTGGCTCASR
8,21,4,2,6,0.9243871873648921,0.9769402910566203,0.9243871873648921,22,AGAGTTTGATCMTGGCTCAGR | AGWGTTTGATCCTGGCTCAGS | AGKGTTTGATCCTGGCTCAGR | AGTGTTTGATCCTGGCTCARR | AGTGTTTGATCCTGGCTCASR | AGTGTTTGATCCTGGCTCAGK
8,21,8,3,1,0.9168153174212197,0.9756673120934152,0.9168153174212197,8,AGRGTTTGATCMTGGCTCAGR
8,21,8,3,2,0.9273714392725652,0.9778473502440829,0.9273714392725652,16,AGRGTTTGATCMTGGCTCAGR | AGWGTTTGATCCTGGCTCAMR
8,21,8,3,3,0.9376127837126375,0.9780350627924453,0.9376127837126375,24,AGRGTTTGATCMTGGCTCAGR | AGWGTTTGATCCTGGCTCAMR | AGWGTTTGATYCTGGCTCAGS
8,21,16,4,1,0.9259000594364143,0.9794966545800056,0.9259000594364143,16,AGRGTTTGATYMTGGCTCAGR
8,21,16,4,2,0.937532140212556,0.9816766927306734,0.937532140212556,32,AGRGTTTGATYMTGGCTCAGR | AGWGTTTGATCMTGGCTCAMR
8,23,4,2,1,0.8082503409490948,0.8491306371547025,0.8082503409490948,4,AGAGTTTGATCCTGGCTCAGRAY
8,23,4,2,2,0.8838944190722183,0.9497956602552822,0.8838944190722183,8,AGAGTTTGATCCTGGCTCAGRAY | AGAGTTTGATCCTGGCTCAGAKY
8,23,4,2,3,0.8952604815075312,0.9582729032197382,0.8952604815075312,12,AGAGTTTGATCCTGGCTCAGRAY | AGAGTTTGATCCTGGCTCAGAKY | AGAGTTTGATCMTGGCTCAGGRT
8,23,4,2,4,0.8990298199762783,0.9601936579867928,0.8990298199762783,16,AGAGTTTGATCCTGGCTCAGRAY | AGAGTTTGATCCTGGCTCAGAKY | AGAGTTTGATCMTGGCTCAGGRT | AGAGTTTGATCCTGGCTCAGRAR
8,23,8,3,1,0.8580387654647571,0.9283376116625086,0.8580387654647571,8,AGAGTTTGATCCTGGCTCAGRWY
8,23,8,3,2,0.8864249756404855,0.9549621722050226,0.8864249756404855,16,AGAGTTTGATCCTGGCTCAGRWY | AGAGTTTGATCMTGGCTCAGRRT
8,23,8,3,3,0.8901943141092324,0.956882926972077,0.8901943141092324,20,AGAGTTTGATCCTGGCTCAGRWY | AGAGTTTGATCMTGGCTCAGRRT | AGAGTTTGATCCTGGCTCAGRAR
8,23,16,4,1,0.8836812406056217,0.9468370007420703,0.8836812406056217,16,AGAGTTTGATCMTGGCTCAGRWY
8,23,16,4,2,0.9213479795786281,0.9734475607807928,0.9213479795786281,32,AGAGTTTGATCMTGGCTCAGRWY | AGRGTTTGATCCTGGCTCAGRRY
9,17,4,2,1,0.9333646802897065,0.9846355669415203,0.9333646802897065,4,GRGTTTGATCMTGGCTC
9,17,4,2,2,0.9333646802897065,0.9846355669415203,0.9333646802897065,8,GRGTTTGATCMTGGCTC | YTGGTTGATCCTGCCWG
9,17,4,2,3,0.9388281633995336,0.987217448122853,0.9388281633995336,12,GRGTTTGATCMTGGCTC | YTGGTTGATCCTGCCWG | GAGTTTGATCSTGGCTY
9,17,4,2,4,0.9434453977647651,0.9892761934327506,0.9434453977647651,16,GRGTTTGATCMTGGCTC | YTGGTTGATCCTGCCWG | GAGTTTGATCSTGGCTY | GAGTTTGATYCTGGYTC
9,17,4,2,5,0.946226930122824,0.9906225952410918,0.946226930122824,20,GRGTTTGATCMTGGCTC | YTGGTTGATCCTGCCWG | GAGTTTGATCSTGGCTY | GAGTTTGATYCTGGYTC | GAGTTTGATCCTGGCKS
9,17,4,2,6,0.9491649651459054,0.9907069407201741,0.9491649651459054,24,GRGTTTGATCMTGGCTC | YTGGTTGATCCTGCCWG | GAGTTTGATCSTGGCTY | GAGTTTGATYCTGGYTC | GAGTTTGATCCTGGCKS | SAGTTTGATCCTGGCTM
9,17,8,3,1,0.9333646802897065,0.9846355669415203,0.9333646802897065,4,GRGTTTGATCMTGGCTC
9,17,8,3,2,0.9333646802897065,0.9846355669415203,0.9333646802897065,12,GRGTTTGATCMTGGCTC | YTGGTTGATYCTGCCWG
9,17,8,3,3,0.939823759618356,0.989223025160458,0.939823759618356,20,GRGTTTGATCMTGGCTC | YTGGTTGATYCTGCCWG | GAGTTTGATCSTGGYTY
9,17,8,3,4,0.9481663534556409,0.992296916957985,0.9481663534556409,28,GRGTTTGATCMTGGCTC | YTGGTTGATYCTGCCWG | GAGTTTGATCSTGGYTY | GAGTTYGATYMTGGCTC
9,17,8,3,5,0.9525252532025287,0.9937276642454084,0.9525252532025287,34,GRGTTTGATCMTGGCTC | YTGGTTGATYCTGCCWG | GAGTTTGATCSTGGYTY | GAGTTYGATYMTGGCTC | GAGTTTGATCCTGGCKV
9,17,8,3,6,0.9560476587782084,0.9940650461617379,0.9560476587782084,42,GRGTTTGATCMTGGCTC | YTGGTTGATYCTGCCWG | GAGTTTGATCSTGGYTY | GAGTTYGATYMTGGCTC | GAGTTTGATCCTGGCKV | SAGTTTGATCYTKGCTC
9,17,16,4,1,0.9333646802897065,0.9846355669415203,0.9333646802897065,4,GRGTTTGATCMTGGCTC
9,17,16,4,2,0.9333646802897065,0.9846355669415203,0.9333646802897065,12,GRGTTTGATCMTGGCTC | YTGGTTGATYCTGCCWG
9,17,16,4,3,0.9434453977647651,0.989360538911833,0.9434453977647651,28,GRGTTTGATCMTGGCTC | YTGGTTGATYCTGCCWG | GAGTTTGATYSTGGYTY
9,17,16,4,4,0.9491649651459054,0.9907912861992564,0.9491649651459054,40,GRGTTTGATCMTGGCTC | YTGGTTGATYCTGCCWG | GAGTTTGATYSTGGYTY | SAGTTTGATCCTGGCKV
9,17,16,4,5,0.9523443629092494,0.9920444190313367,0.9523443629092494,56,GRGTTTGATCMTGGCTC | YTGGTTGATYCTGCCWG | GAGTTTGATYSTGGYTY | SAGTTTGATCCTGGCKV | GAGTWTGATCYTKGCYC
9,17,16,4,6,0.9581336946685014,0.9949807970774888,0.9581336946685014,68,GRGTTTGATCMTGGCTC | YTGGTTGATYCTGCCWG | GAGTTTGATYSTGGYTY | SAGTTTGATCCTGGCKV | GAGTWTGATCYTKGCYC | GAGTTHGATYMTGGCTC
9,19,4,2,1,0.9129611608050725,0.9735532001396395,0.9129611608050725,4,GRGTTTGATCMTGGCTCAG
9,19,4,2,2,0.9277655607245606,0.9832820098596309,0.9277655607245606,7,GRGTTTGATCMTGGCTCAG | GAGTTTGATCCTGGCTCAH
9,19,8,3,1,0.9234683100659172,0.9786954242504787,0.9234683100659172,8,GRGTTTGATCMTGGCTCAR
9,19,8,3,2,0.9279988137755737,0.9831443825543734,0.9279988137755737,14,GRGTTTGATCMTGGCTCAR | GTGTTTGATCMTGGCTCAH
9,19,16,4,1,0.9234683100659172,0.9786954242504787,0.9234683100659172,8,GRGTTTGATCMTGGCTCAR
9,19,16,4,2,0.92898267452395,0.9834353400775063,0.92898267452395,20,GRGTTTGATCMTGGCTCAR | GWGTTTGATCMTGGCTCAH
9,19,16,4,3,0.92898267452395,0.9834353400775063,0.92898267452395,36,GRGTTTGATCMTGGCTCAR | GWGTTTGATCMTGGCTCAH | YTGKTTGATCCTGCCWGTR
9,19,16,4,4,0.9409632503369211,0.9886363257349977,0.9409632503369211,52,GRGTTTGATCMTGGCTCAR | GWGTTTGATCMTGGCTCAH | YTGKTTGATCCTGCCWGTR | GAGTTYGATYSTGGCTYAG
9,19,16,4,5,0.945749427707605,0.9937162163280407,0.945749427707605,64,GRGTTTGATCMTGGCTCAR | GWGTTTGATCMTGGCTCAH | YTGKTTGATCCTGCCWGTR | GAGTTYGATYSTGGCTYAG | GAGTTTGATCYTGGCTVRG
9,19,16,4,6,0.9498290526504194,0.9938007328932875,0.9498290526504194,80,GRGTTTGATCMTGGCTCAR | GWGTTTGATCMTGGCTCAH | YTGKTTGATCCTGCCWGTR | GAGTTYGATYSTGGCTYAG | GAGTTTGATCYTGGCTVRG | SAGTWWGATCCTKGCTCAG
9,21,4,2,1,0.8459108580297171,0.9234387778209157,0.8459108580297171,4,GAGTTTGATCCTGGCTCAGRW
9,21,4,2,2,0.8687385501017513,0.942039809204717,0.8687385501017513,8,GAGTTTGATCCTGGCTCAGRW | GAGTTTGATCMTGGCTCAGGR
9,21,4,2,3,0.8796411791019144,0.9425418172368456,0.8796411791019144,12,GAGTTTGATCCTGGCTCAGRW | GAGTTTGATCMTGGCTCAGGR | GAGTTTGATYCTGGCTCARGA
9,21,4,2,4,0.8816300621106273,0.9447836761797355,0.8816300621106273,16,GAGTTTGATCCTGGCTCAGRW | GAGTTTGATCMTGGCTCAGGR | GAGTTTGATYCTGGCTCARGA | GAGTTTGATMYTGGCTCAGGA
9,21,4,2,5,0.8839658491627587,0.9447836761797355,0.8839658491627587,20,GAGTTTGATCCTGGCTCAGRW | GAGTTTGATCMTGGCTCAGGR | GAGTTTGATYCTGGCTCARGA | GAGTTTGATMYTGGCTCAGGA | GRGTTTGATCCTGGCTCASGA
9,21,4,2,6,0.9143520603845104,0.9700852679681069,0.9143520603845104,24,GAGTTTGATCCTGGCTCAGRW | GAGTTTGATCMTGGCTCAGGR | GAGTTTGATYCTGGCTCARGA | GAGTTTGATMYTGGCTCAGGA | GRGTTTGATCCTGGCTCASGA | GRGTTTGATCCTGGCTCAGAR
9,21,8,3,1,0.8734908017136654,0.9465099475805304,0.8734908017136654,6,GAGTTTGATCCTGGCTCAGRD
9,21,8,3,2,0.9146588262339034,0.9705416153818792,0.9146588262339034,14,GAGTTTGATCCTGGCTCAGRD | GAGTTTGATYMTGGCTCAGRA
9,21,8,3,3,0.9286256378172894,0.9777475243179171,0.9286256378172894,20,GAGTTTGATCCTGGCTCAGRD | GAGTTTGATYMTGGCTCAGRA | GAGTTTGATCCTGGCTCAHRA
9,21,16,4,1,0.8990342423513805,0.9717558465486028,0.8990342423513805,12,GAGTTTGATCMTGGCTCAGRD
9,21,16,4,2,0.9277099312701743,0.9802059701207272,0.9277099312701743,28,GAGTTTGATCMTGGCTCAGRD | GRGTTTGATYCTGGCTCARRA
10,19,4,2,1,0.9010708315623029,0.9716055561985849,0.9010708315623029,4,AGTTTGATCMTGGCTCAGR
10,19,4,2,2,0.9118030847241064,0.9766559629396255,0.9118030847241064,8,AGTTTGATCMTGGCTCAGR | WGTTTGATCCTGGCTCAAR
10,19,4,2,3,0.9168953933778005,0.9768049454307235,0.9168953933778005,12,AGTTTGATCMTGGCTCAGR | WGTTTGATCCTGGCTCAAR | WGTTTGATCCTGGCTCAGS
10,19,4,2,4,0.9216164751828155,0.9788838061721004,0.9216164751828155,16,AGTTTGATCMTGGCTCAGR | WGTTTGATCCTGGCTCAAR | WGTTTGATCCTGGCTCAGS | KGTTTGATYCTGGCTCAGG
10,19,4,2,5,0.924489028759841,0.9802470161807535,0.924489028759841,20,AGTTTGATCMTGGCTCAGR | WGTTTGATCCTGGCTCAAR | WGTTTGATCCTGGCTCAGS | KGTTTGATYCTGGCTCAGG | TGTTTGATCCTGGCTCAMR
10,19,8,3,1,0.9159675023748549,0.9740815672473428,0.9159675023748549,8,RGTTTGATCMTGGCTCAGR
10,19,8,3,2,0.9299498943887788,0.9807627067364696,0.9299498943887788,16,RGTTTGATCMTGGCTCAGR | WGTTTGATCCTGGCTCAMR
10,19,16,4,1,0.9269687897039977,0.9791319739883835,0.9269687897039977,16,RGTTTGATCMTGGCTCARR
10,19,16,4,2,0.9315986848626642,0.9820212140190142,0.9315986848626642,28,RGTTTGATCMTGGCTCARR | TGTTTGATCMTGGCTCAHR
10,17,4,2,1,0.9367695907977002,0.9831821680778826,0.9367695907977002,4,RGTTTGATCMTGGCTCA
10,17,4,2,2,0.9367695907977002,0.9831821680778826,0.9367695907977002,6,RGTTTGATCMTGGCTCA | TGGTTGATCCTGCCWGT
10,17,4,2,3,0.9416552820414018,0.985984649805354,0.9416552820414018,10,RGTTTGATCMTGGCTCA | TGGTTGATCCTGCCWGT | AGTTTGATCCTGGCTYR
10,17,4,2,4,0.9482021715890382,0.9887205509803086,0.9482021715890382,14,RGTTTGATCMTGGCTCA | TGGTTGATCCTGCCWGT | AGTTTGATCCTGGCTYR | AGTTYGATYCTGGCTCA
10,17,4,2,5,0.950301209025383,0.9919326806280176,0.950301209025383,18,RGTTTGATCMTGGCTCA | TGGTTGATCCTGCCWGT | AGTTTGATCCTGGCTYR | AGTTYGATYCTGGCTCA | AGTTTGATMYTGGCTCA
10,17,4,2,6,0.952872773942765,0.9932461674671703,0.952872773942765,22,RGTTTGATCMTGGCTCA | TGGTTGATCCTGCCWGT | AGTTTGATCCTGGCTYR | AGTTYGATYCTGGCTCA | AGTTTGATMYTGGCTCA | AGTTTGATCCTGGCKSA
10,17,8,3,1,0.9367695907977002,0.9831821680778826,0.9367695907977002,4,RGTTTGATCMTGGCTCA
10,17,8,3,2,0.9367695907977002,0.9831821680778826,0.9367695907977002,6,RGTTTGATCMTGGCTCA | TGGTTGATCCTGCCWGT
10,17,8,3,3,0.9453792396013933,0.9861998694131633,0.9453792396013933,14,RGTTTGATCMTGGCTCA | TGGTTGATCCTGCCWGT | AGTTTGATYCTGGCTYR
10,17,8,3,4,0.9486429260778144,0.990725485900025,0.9486429260778144,22,RGTTTGATCMTGGCTCA | TGGTTGATCCTGCCWGT | AGTTTGATYCTGGCTYR | AGTTTGATMYTGGCTSA
10,17,8,3,5,0.9512019567246665,0.9917130625238818,0.9512019567246665,28,RGTTTGATCMTGGCTCA | TGGTTGATCCTGCCWGT | AGTTTGATYCTGGCTYR | AGTTTGATMYTGGCTSA | AGTTTGATCCTKGCBCA
10,17,8,3,6,0.9544906961093927,0.9917948420462893,0.9544906961093927,36,RGTTTGATCMTGGCTCA | TGGTTGATCCTGCCWGT | AGTTTGATYCTGGCTYR | AGTTTGATMYTGGCTSA | AGTTTGATCCTKGCBCA | AGTWWGATCCTGGCTMA
10,17,16,4,1,0.9367695907977002,0.9831821680778826,0.9367695907977002,4,RGTTTGATCMTGGCTCA
10,17,16,4,2,0.9367695907977002,0.9831821680778826,0.9367695907977002,6,RGTTTGATCMTGGCTCA | TGGTTGATCCTGCCWGT
10,17,16,4,3,0.9482021715890382,0.9887205509803086,0.9482021715890382,22,RGTTTGATCMTGGCTCA | TGGTTGATCCTGCCWGT | AGTTYGATYCTGGCTYR
10,17,16,4,4,0.952872773942765,0.9932461674671703,0.952872773942765,38,RGTTTGATCMTGGCTCA | TGGTTGATCCTGCCWGT | AGTTYGATYCTGGCTYR | AGTTTGATMYTGGCKSA
10,17,16,4,5,0.9562452520286616,0.9943155236134347,0.9562452520286616,54,RGTTTGATCMTGGCTCA | TGGTTGATCCTGCCWGT | AGTTYGATYCTGGCTYR | AGTTTGATMYTGGCKSA | AGTWTGATCCTKGCYMA
10,17,16,4,6,0.9574670964825502,0.9945307432212439,0.9574670964825502,58,RGTTTGATCMTGGCTCA | TGGTTGATCCTGCCWGT | AGTTYGATYCTGGCTYR | AGTTTGATMYTGGCKSA | AGTWTGATCCTKGCYMA | AGTTWGATCCTGGCTCW
10,21,4,2,1,0.8043006386696567,0.8515490791823584,0.8043006386696567,4,AGTTTGATCCTGGCTCAGRAY
10,21,4,2,2,0.8788791437864766,0.9496211842317454,0.8788791437864766,8,AGTTTGATCCTGGCTCAGRAY | AGTTTGATCCTGGCTCAGAKY
10,21,4,2,3,0.9003813380623048,0.9655712036455588,0.9003813380623048,12,AGTTTGATCCTGGCTCAGRAY | AGTTTGATCCTGGCTCAGAKY | AGTTTGATCMTGGCTCAGGRT
10,21,4,2,4,0.9041802945116445,0.96725045365337,0.9041802945116445,16,AGTTTGATCCTGGCTCAGRAY | AGTTTGATCCTGGCTCAGAKY | AGTTTGATCMTGGCTCAGGRT | AGTTTGATCCTGGCTCAGRAR
10,21,8,3,1,0.8539024251812438,0.9293111187912967,0.8539024251812438,8,AGTTTGATCCTGGCTCAGRWY
10,21,8,3,2,0.8920937977769525,0.9625952142135112,0.8920937977769525,16,AGTTTGATCCTGGCTCAGRWY | AGTTTGATCMTGGCTCAGRRT
10,21,8,3,3,0.895892754226292,0.9642744642213225,0.895892754226292,20,AGTTTGATCCTGGCTCAGRWY | AGTTTGATCMTGGCTCAGRRT | AGTTTGATCCTGGCTCAGRAR
10,21,16,4,1,0.8874065778345438,0.9535374187443472,0.8874065778345438,16,AGTTTGATCMTGGCTCAGRWY
10,21,16,4,2,0.925203214031887,0.9783489224421777,0.925203214031887,32,AGTTTGATCMTGGCTCAGRWY | AGTTTGATYCTGGCTCAGRRY
10,21,16,4,3,0.9290021704812265,0.980028172449989,0.9290021704812265,40,AGTTTGATCMTGGCTCAGRWY | AGTTTGATYCTGGCTCAGRRY | WGTTTGATCCTGGCTCAGRAR
9,23,4,2,1,0.7143658196289993,0.7775466055196837,0.7143658196289993,4,GAGTTTGATCMTGGCTCAGGAYG
9,23,4,2,2,0.8133257119269427,0.9043667734799326,0.8133257119269427,8,GAGTTTGATCMTGGCTCAGGAYG | GAGTTTGATCCTGGCTCAGAWTS
9,23,4,2,3,0.8516918929257239,0.9408281919982895,0.8516918929257239,12,GAGTTTGATCMTGGCTCAGGAYG | GAGTTTGATCCTGGCTCAGAWTS | GAGTTTGATCCTGGCTCAGARYG
9,23,4,2,4,0.8826932126237838,0.9571124109331591,0.8826932126237838,15,GAGTTTGATCMTGGCTCAGGAYG | GAGTTTGATCCTGGCTCAGAWTS | GAGTTTGATCCTGGCTCAGARYG | GAGTTTGATCCTGGCTCAGGATD
9,23,4,2,5,0.8863774668368478,0.9600687914939686,0.8863774668368478,19,GAGTTTGATCMTGGCTCAGGAYG | GAGTTTGATCCTGGCTCAGAWTS | GAGTTTGATCCTGGCTCAGARYG | GAGTTTGATCCTGGCTCAGGATD | GRGTTTGATCCTGGCTCAGAAKG
9,23,4,2,6,0.8923264899817333,0.9603108463079582,0.8923264899817333,23,GAGTTTGATCMTGGCTCAGGAYG | GAGTTTGATCCTGGCTCAGAWTS | GAGTTTGATCCTGGCTCAGARYG | GAGTTTGATCCTGGCTCAGGATD | GRGTTTGATCCTGGCTCAGAAKG | GAGTTTGATCCTGGCTCAGAMTR
9,23,8,3,1,0.7590418701685179,0.8215161008217446,0.7590418701685179,8,GAGTTTGATCMTGGCTCAGGWYG
9,23,8,3,2,0.8496806955526804,0.939408643310529,0.8496806955526804,16,GAGTTTGATCMTGGCTCAGGWYG | GAGTTTGATCCTGGCTCAGARYS
9,23,8,3,3,0.8862989455442148,0.961122771035693,0.8862989455442148,22,GAGTTTGATCMTGGCTCAGGWYG | GAGTTTGATCCTGGCTCAGARYS | GAGTTTGATCCTGGCTCAGGAYD
9,23,8,3,4,0.9003077798244368,0.9716062908481887,0.9003077798244368,30,GAGTTTGATCMTGGCTCAGGWYG | GAGTTTGATCCTGGCTCAGARYS | GAGTTTGATCCTGGCTCAGGAYD | GAGTTTGATCMTGGCTCAGAWYG
9,23,8,3,5,0.9054814125380616,0.975546194035872,0.9054814125380616,38,GAGTTTGATCMTGGCTCAGGWYG | GAGTTTGATCCTGGCTCAGARYS | GAGTTTGATCCTGGCTCAGGAYD | GAGTTTGATCMTGGCTCAGAWYG | GAGTTTGATMCTGGCTCAGGRKG
9,23,8,3,6,0.9156287262093296,0.9776879119670636,0.9156287262093296,46,GAGTTTGATCMTGGCTCAGGWYG | GAGTTTGATCCTGGCTCAGARYS | GAGTTTGATCCTGGCTCAGGAYD | GAGTTTGATCMTGGCTCAGAWYG | GAGTTTGATMCTGGCTCAGGRKG | GRGTTTGATYCTGGCTCAGGAYG
9,23,16,4,1,0.8031143293000911,0.894709423670924,0.8031143293000911,16,GAGTTTGATCMTGGCTCAGGWYS
9,23,16,4,2,0.8742006873005592,0.9574704374071956,0.8742006873005592,32,GAGTTTGATCMTGGCTCAGGWYS | GAGTTTGATCMTGGCTCAGARYR
9,23,16,4,3,0.9078378625297773,0.9634916517158141,0.9078378625297773,48,GAGTTTGATCMTGGCTCAGGWYS | GAGTTTGATCMTGGCTCAGARYR | GRGTTTGATYCTGGCTCAGGAYK
9,23,16,4,4,0.9216920844814928,0.9761878077768564,0.9216920844814928,64,GAGTTTGATCMTGGCTCAGGWYS | GAGTTTGATCMTGGCTCAGARYR | GRGTTTGATYCTGGCTCAGGAYK | GRGTTTGATCMTGGCTCAGAWTS
9,23,16,4,5,0.9295400517564665,0.9801265890412552,0.9295400517564665,76,GAGTTTGATCMTGGCTCAGGWYS | GAGTTTGATCMTGGCTCAGARYR | GRGTTTGATYCTGGCTCAGGAYK | GRGTTTGATCMTGGCTCAGAWTS | GAGTTTGATMCTGGCTCAGGVKG
9,23,16,4,6,0.9329746761169652,0.9802821087219806,0.9329746761169652,92,GAGTTTGATCMTGGCTCAGGWYS | GAGTTTGATCMTGGCTCAGARYR | GRGTTTGATYCTGGCTCAGGAYK | GRGTTTGATCMTGGCTCAGAWTS | GAGTTTGATMCTGGCTCAGGVKG | RAGTWYGATCYTGGCTCAGGATG
11,17,4,2,1,0.922756011897794,0.9745495914662138,0.922756011897794,4,GTTTGATYMTGGCTCAG
11,17,4,2,2,0.9388789328969739,0.9853292926111396,0.9388789328969739,7,GTTTGATYMTGGCTCAG | GTTTGATCCTGGCTCAH
11,17,4,2,3,0.9388789328969739,0.9853292926111396,0.9388789328969739,11,GTTTGATYMTGGCTCAG | GTTTGATCCTGGCTCAH | GGTTGATYCTGCCAGTR
11,17,4,2,4,0.944110762576715,0.988674453005847,0.944110762576715,15,GTTTGATYMTGGCTCAG | GTTTGATCCTGGCTCAH | GGTTGATYCTGCCAGTR | GTTTGATCYTGGCTYAG
11,17,4,2,5,0.9460756052005365,0.9921768425916477,0.9460756052005365,19,GTTTGATYMTGGCTCAG | GTTTGATCCTGGCTCAH | GGTTGATYCTGCCAGTR | GTTTGATCYTGGCTYAG | GTTTGATCCTGGCTSRG
11,17,4,2,6,0.9480605781304953,0.9939884367945462,0.9480605781304953,23,GTTTGATYMTGGCTCAG | GTTTGATCCTGGCTCAH | GGTTGATYCTGCCAGTR | GTTTGATCYTGGCTYAG | GTTTGATCCTGGCTSRG | RTTTGATMCTGGCTCAG
11,17,8,3,1,0.9338765331981125,0.9795548098757444,0.9338765331981125,8,GTTTGATYMTGGCTCAR
11,17,8,3,2,0.9338765331981125,0.9795548098757444,0.9338765331981125,16,GTTTGATYMTGGCTCAR | GKTTGATCCTGCCWGTR
11,17,8,3,3,0.9430735809105283,0.9873061565702727,0.9430735809105283,24,GTTTGATYMTGGCTCAR | GKTTGATCCTGCCWGTR | GTTTGATCYTGGCTYAS
11,17,8,3,4,0.9464152193013043,0.9921768425916477,0.9464152193013043,32,GTTTGATYMTGGCTCAR | GKTTGATCCTGCCWGTR | GTTTGATCYTGGCTYAS | GTTTGATCCTGGCTSRK
11,17,8,3,5,0.9493041482816932,0.9940677263600394,0.9493041482816932,40,GTTTGATYMTGGCTCAR | GKTTGATCCTGCCWGTR | GTTTGATCYTGGCTYAS | GTTTGATCCTGGCTSRK | RTTTGATMCTKGCTCAG
11,17,8,3,6,0.9525585530092805,0.9941470159255325,0.9525585530092805,48,GTTTGATYMTGGCTCAR | GKTTGATCCTGCCWGTR | GTTTGATCYTGGCTYAS | GTTTGATCCTGGCTSRK | RTTTGATMCTKGCTCAG | GTWWGATCCTGGCTMAG
11,17,16,4,1,0.9338765331981125,0.9795548098757444,0.9338765331981125,8,GTTTGATYMTGGCTCAR
11,17,16,4,2,0.9347834714182358,0.9806889326274851,0.9347834714182358,24,GTTTGATYMTGGCTCAR | GKTTGATCCTGCCWGWR
11,17,16,4,3,0.9447995417497519,0.9906615737868788,0.9447995417497519,40,GTTTGATYMTGGCTCAR | GKTTGATCCTGCCWGWR | GTTTGATCYTGGCTYRS
11,17,16,4,4,0.9489897834053078,0.9939207539908447,0.9489897834053078,56,GTTTGATYMTGGCTCAR | GKTTGATCCTGCCWGWR | GTTTGATCYTGGCTYRS | RTTTGATMCTKGCTCAK
11,17,16,4,5,0.9529971779997505,0.9940000435563379,0.9529971779997505,68,GTTTGATYMTGGCTCAR | GKTTGATCCTGCCWGWR | GTTTGATCYTGGCTYRS | RTTTGATMCTKGCTCAK | GTWHGATCCTGGCTMAG
11,19,4,2,1,0.8581136130784138,0.9276963419526094,0.8581136130784138,4,GTTTGATCCTGGCTCAGRW
11,19,4,2,2,0.8805584384897355,0.9464527042592173,0.8805584384897355,8,GTTTGATCCTGGCTCAGRW | GTTTGATCMTGGCTCAGGR
11,19,4,2,3,0.8920124821561303,0.9476296880317183,0.8920124821561303,12,GTTTGATCCTGGCTCAGRW | GTTTGATCMTGGCTCAGGR | GTTTGATYCTGGCTCARGA
11,19,4,2,4,0.8942842378876573,0.9496832957873759,0.8942842378876573,16,GTTTGATCCTGGCTCAGRW | GTTTGATCMTGGCTCAGGR | GTTTGATYCTGGCTCARGA | GTTTGATMYTGGCTCAGGA
11,19,8,3,1,0.8877901185977759,0.9513823135288785,0.8877901185977759,6,GTTTGATCCTGGCTCAGRD
11,19,8,3,2,0.9272452119646615,0.9755056519656969,0.9272452119646615,14,GTTTGATCCTGGCTCAGRD | GTTTGATCMTGGCTCARRA
11,19,16,4,1,0.9128004380599077,0.9727685660587605,0.9128004380599077,12,GTTTGATYCTGGCTCAGRD
11,19,16,4,2,0.9283957947383183,0.9818906988628896,0.9283957947383183,24,GTTTGATYCTGGCTCAGRD | GTTTGATCCTGGCTCAHRW
10,23,4,2,1,0.7617367099500241,0.8247258923498819,0.7617367099500241,4,AGTTTGATCCTGGCTCAGRAYGA
10,23,4,2,2,0.822335347732328,0.9253817999636463,0.822335347732328,8,AGTTTGATCCTGGCTCAGRAYGA | AGTTTGATCMTGGCTCAGAATSA
10,23,4,2,3,0.8541013186111925,0.9534198680089019,0.8541013186111925,12,AGTTTGATCCTGGCTCAGRAYGA | AGTTTGATCMTGGCTCAGAATSA | AGTTTGATCMTGGCTCAGGATRA
10,23,4,2,4,0.8773082879917875,0.9572665045550867,0.8773082879917875,16,AGTTTGATCCTGGCTCAGRAYGA | AGTTTGATCMTGGCTCAGAATSA | AGTTTGATCMTGGCTCAGGATRA | AGTTTGATCCTGGCTCAGGAYKA
10,23,4,2,5,0.8816466282624437,0.9624204536849393,0.8816466282624437,20,AGTTTGATCCTGGCTCAGRAYGA | AGTTTGATCMTGGCTCAGAATSA | AGTTTGATCMTGGCTCAGGATRA | AGTTTGATCCTGGCTCAGGAYKA | AGTTTGATCMTGGCTCAGAWTGA
10,23,4,2,6,0.8857864002356596,0.9647696602167826,0.8857864002356596,24,AGTTTGATCCTGGCTCAGRAYGA | AGTTTGATCMTGGCTCAGAATSA | AGTTTGATCMTGGCTCAGGATRA | AGTTTGATCCTGGCTCAGGAYKA | AGTTTGATCMTGGCTCAGAWTGA | AGTTTGATCCTGGCTCAGARKGA
10,23,8,3,1,0.8078542898109903,0.8643774407935285,0.8078542898109903,8,AGTTTGATCMTGGCTCAGRAYGA
10,23,8,3,2,0.8757649542620284,0.9608406363489436,0.8757649542620284,12,AGTTTGATCMTGGCTCAGRAYGA | AGTTTGATCCTGGCTCAGAATNA
10,23,8,3,3,0.8967511109373557,0.9662974771530201,0.8967511109373557,18,AGTTTGATCMTGGCTCAGRAYGA | AGTTTGATCCTGGCTCAGAATNA | AGTTTGATCCTGGCTCAGGAYDA
10,23,8,3,4,0.9035610819145464,0.973215294148222,0.9035610819145464,26,AGTTTGATCMTGGCTCAGRAYGA | AGTTTGATCCTGGCTCAGAATNA | AGTTTGATCCTGGCTCAGGAYDA | AGTTTGATCMTGGCTCAGAWKGA
10,23,8,3,5,0.9084553064999147,0.9763833832490446,0.9084553064999147,34,AGTTTGATCMTGGCTCAGRAYGA | AGTTTGATCCTGGCTCAGAATNA | AGTTTGATCCTGGCTCAGGAYDA | AGTTTGATCMTGGCTCAGAWKGA | RGTTYGATMCTGGCTCAGGATGA
10,23,8,3,6,0.9119038404123198,0.9766353993780768,0.9119038404123198,42,AGTTTGATCMTGGCTCAGRAYGA | AGTTTGATCCTGGCTCAGAATNA | AGTTTGATCCTGGCTCAGGAYDA | AGTTTGATCMTGGCTCAGAWKGA | RGTTYGATMCTGGCTCAGGATGA | AGTTTGATCYTGGCTCAGSAYGA
10,23,16,4,1,0.8563554418186493,0.9449524578355831,0.8563554418186493,16,AGTTTGATCMTGGCTCAGRAYSA
10,23,16,4,2,0.905287567679904,0.9675297873461736,0.905287567679904,28,AGTTTGATCMTGGCTCAGRAYSA | AGTTTGATCCTGGCTCAGRAYDA
10,23,16,4,3,0.9136626883783273,0.9723777389360012,0.9136626883783273,44,AGTTTGATCMTGGCTCAGRAYSA | AGTTTGATCCTGGCTCAGRAYDA | RGTTYGATMCTGGCTCAGGAKGA
10,23,16,4,4,0.9270514947204993,0.9813969001580037,0.9270514947204993,60,AGTTTGATCMTGGCTCAGRAYSA | AGTTTGATCCTGGCTCAGRAYDA | RGTTYGATMCTGGCTCAGGAKGA | RGTTTGATCMTGGCTCAGAWYGA
10,23,16,4,5,0.9341521569571188,0.9821449480330676,0.9341521569571188,76,AGTTTGATCMTGGCTCAGRAYSA | AGTTTGATCCTGGCTCAGRAYDA | RGTTYGATMCTGGCTCAGGAKGA | RGTTTGATCMTGGCTCAGAWYGA | AGTTTGATYYTGGCTCAGSAYGA
10,23,16,4,6,0.9376769274522999,0.9831347505108611,0.9376769274522999,92,AGTTTGATCMTGGCTCAGRAYSA | AGTTTGATCCTGGCTCAGRAYDA | RGTTYGATMCTGGCTCAGGAKGA | RGTTTGATCMTGGCTCAGAWYGA | AGTTTGATYYTGGCTCAGSAYGA | AGTWTGATCCTKGCTCAGGAYGM
12,17,4,2,1,0.9070220492891057,0.9732675660756761,0.9070220492891057,4,TTTGATYCTGGCTCAGR
12,17,4,2,2,0.9224355295861225,0.9810242684367597,0.9224355295861225,8,TTTGATYCTGGCTCAGR | TTTGATCCTGGCTCAMR
12,17,4,2,3,0.9239144226621971,0.9823777350814468,0.9239144226621971,12,TTTGATYCTGGCTCAGR | TTTGATCCTGGCTCAMR | TTTGATCCTGGCTCAWR
12,17,8,3,1,0.920208568228389,0.9768739484149002,0.920208568228389,8,TTTGATYMTGGCTCAGR
12,17,8,3,2,0.9371009416014805,0.9859841174206707,0.9371009416014805,14,TTTGATYMTGGCTCAGR | TTTGATCCTGGCTCAHR
12,17,8,3,3,0.9371009416014805,0.9859841174206707,0.9371009416014805,22,TTTGATYMTGGCTCAGR | TTTGATCCTGGCTCAHR | GTTGATYCTGCCWGTRG
12,17,8,3,4,0.9442250110703743,0.988170907732462,0.9442250110703743,30,TTTGATYMTGGCTCAGR | TTTGATCCTGGCTCAHR | GTTGATYCTGCCWGTRG | TTTGATMYTGGCTCAGS
12,17,8,3,5,0.9465281786584323,0.991367613530993,0.9465281786584323,38,TTTGATYMTGGCTCAGR | TTTGATCCTGGCTCAHR | GTTGATYCTGCCWGTRG | TTTGATMYTGGCTCAGS | TTTGATCYTGGCTCRGR
12,17,8,3,6,0.9480107211830519,0.9926865913919909,0.9480107211830519,46,TTTGATYMTGGCTCAGR | TTTGATCCTGGCTCAHR | GTTGATYCTGCCWGTRG | TTTGATMYTGGCTCAGS | TTTGATCYTGGCTCRGR | TWYGATCCTGGCTCAGK
12,17,16,4,1,0.93167052264172,0.9818579010039028,0.93167052264172,16,TTTGATYMTGGCTCARR
12,19,4,2,1,0.8097076886941217,0.8509368801987883,0.8097076886941217,4,TTTGATCCTGGCTCAGRAY
12,19,4,2,2,0.8844563347908627,0.9540522822814634,0.8844563347908627,8,TTTGATCCTGGCTCAGRAY | TTTGATCCTGGCTCAGAKY
12,19,4,2,3,0.9021819115262871,0.9701442496802071,0.9021819115262871,12,TTTGATCCTGGCTCAGRAY | TTTGATCCTGGCTCAGAKY | TTTGATCMTGGCTCAGGRT
12,19,4,2,4,0.905862137927961,0.9718138035384403,0.905862137927961,16,TTTGATCCTGGCTCAGRAY | TTTGATCCTGGCTCAGAKY | TTTGATCMTGGCTCAGGRT | TTTGATCCTGGCTCAGRAR
12,19,8,3,1,0.8599433403142616,0.9328694454787243,0.8599433403142616,8,TTTGATCCTGGCTCAGRWY
12,19,8,3,2,0.8973242792423286,0.9648423836158018,0.8973242792423286,16,TTTGATCCTGGCTCAGRWY | TTTGATCMTGGCTCAGRRT
12,19,8,3,3,0.9010045056440025,0.966511937474035,0.9010045056440025,20,TTTGATCCTGGCTCAGRWY | TTTGATCMTGGCTCAGRRT | TTTGATCCTGGCTCAGRAR
12,19,16,4,1,0.8988906774439974,0.957210565749647,0.8988906774439974,16,TTTGATCMTGGCTCAGRWY
12,19,16,4,2,0.9290460106080801,0.9821298180730794,0.9290460106080801,32,TTTGATCMTGGCTCAGRWY | TTTGATYCTGGCTCAGRKY
11,21,4,2,1,0.7239498750541197,0.78033565271183,0.7239498750541197,4,GTTTGATCMTGGCTCAGGAYG
11,21,4,2,2,0.8216311708158132,0.9091833112818541,0.8216311708158132,8,GTTTGATCMTGGCTCAGGAYG | GTTTGATCCTGGCTCAGAWTS
11,21,4,2,3,0.8631554321911287,0.9453814896570302,0.8631554321911287,12,GTTTGATCMTGGCTCAGGAYG | GTTTGATCCTGGCTCAGAWTS | GTTTGATCCTGGCTCAGARYG
11,21,4,2,4,0.8965849634474425,0.9651057636814064,0.8965849634474425,15,GTTTGATCMTGGCTCAGGAYG | GTTTGATCCTGGCTCAGAWTS | GTTTGATCCTGGCTCAGARYG | GTTTGATCCTGGCTCAGGATD
11,21,4,2,5,0.9011803923116499,0.9669097977624359,0.9011803923116499,19,GTTTGATCMTGGCTCAGGAYG | GTTTGATCCTGGCTCAGAWTS | GTTTGATCCTGGCTCAGARYG | GTTTGATCCTGGCTCAGGATD | GTTTGATYCTGGCTCAGAAKG
11,21,4,2,6,0.9068477275633002,0.9671374469584567,0.9068477275633002,23,GTTTGATCMTGGCTCAGGAYG | GTTTGATCCTGGCTCAGAWTS | GTTTGATCCTGGCTCAGARYG | GTTTGATCCTGGCTCAGGATD | GTTTGATYCTGGCTCAGAAKG | GTTTGATCCTGGCTCAGAMTR
11,21,8,3,1,0.7708166141624236,0.8265948749753607,0.7708166141624236,8,GTTTGATCMTGGCTCAGGWYG
11,21,8,3,2,0.8626270678416293,0.9443213654710542,0.8626270678416293,16,GTTTGATCMTGGCTCAGGWYG | GTTTGATCCTGGCTCAGARYS
11,21,8,3,3,0.9016689683463506,0.9692672295788874,0.9016689683463506,22,GTTTGATCMTGGCTCAGGWYG | GTTTGATCCTGGCTCAGARYS | GTTTGATCCTGGCTCAGGAYD
11,21,8,3,4,0.9189966991366055,0.9770636052564634,0.9189966991366055,30,GTTTGATCMTGGCTCAGGWYG | GTTTGATCCTGGCTCAGARYS | GTTTGATCCTGGCTCAGGAYD | GTTTGATCMTGGCTCAGAWYG
11,21,8,3,5,0.9254845254514178,0.981731766854257,0.9254845254514178,38,GTTTGATCMTGGCTCAGGWYG | GTTTGATCCTGGCTCAGARYS | GTTTGATCCTGGCTCAGGAYD | GTTTGATCMTGGCTCAGAWYG | GTTYGATMCTGGCTCAGGAKG
11,21,8,3,6,0.9291287022555897,0.9821087589415564,0.9291287022555897,44,GTTTGATCMTGGCTCAGGWYG | GTTTGATCCTGGCTCAGARYS | GTTTGATCCTGGCTCAGGAYD | GTTTGATCMTGGCTCAGAWYG | GTTYGATMCTGGCTCAGGAKG | GTTTGATCYTGGCTCAGGVTG
11,21,16,4,1,0.8164731768366842,0.9001993657929107,0.8164731768366842,16,GTTTGATCMTGGCTCAGGWYS
11,21,16,4,2,0.894638467649794,0.9600943487647741,0.894638467649794,32,GTTTGATCMTGGCTCAGGWYS | GTTTGATCMTGGCTCAGARYR
11,21,16,4,3,0.927569567347442,0.966766961142302,0.927569567347442,44,GTTTGATCMTGGCTCAGGWYS | GTTTGATCMTGGCTCAGARYR | GTTTGATYCTGGCTCAGGABK
11,21,16,4,4,0.9339079586269055,0.974240987149917,0.9339079586269055,60,GTTTGATCMTGGCTCAGGWYS | GTTTGATCMTGGCTCAGARYR | GTTTGATYCTGGCTCAGGABK | GTTTGATMMTGGCTCAGGMTR
11,21,16,4,5,0.943493352372609,0.9848369704571681,0.943493352372609,76,GTTTGATCMTGGCTCAGGWYS | GTTTGATCMTGGCTCAGARYR | GTTTGATYCTGGCTCAGGABK | GTTTGATMMTGGCTCAGGMTR | RTTTGATCMTGGCTCAGAWTS
11,21,16,4,6,0.9466209945567283,0.9849181920296178,0.9466209945567283,92,GTTTGATCMTGGCTCAGGWYS | GTTTGATCMTGGCTCAGARYR | GTTTGATYCTGGCTCAGGABK | GTTTGATMMTGGCTCAGGMTR | RTTTGATCMTGGCTCAGAWTS | GTWYGATCYTKGCTCAGGATG
11,23,4,2,1,0.7706954803596777,0.8245659841845182,0.7706954803596777,4,GTTTGATCMTGGCTCAGRATGAA
11,23,4,2,2,0.8399197688842147,0.9250377663263457,0.8399197688842147,8,GTTTGATCMTGGCTCAGRATGAA | GTTTGATCCTGGCTCAGAAYSAA
11,23,4,2,3,0.8639891926374451,0.9550182037126467,0.8639891926374451,12,GTTTGATCMTGGCTCAGRATGAA | GTTTGATCCTGGCTCAGAAYSAA | GTTTGATCCTGGCTCAGGAYRAA
11,23,4,2,4,0.8863911527327449,0.9620524171837518,0.8863911527327449,16,GTTTGATCMTGGCTCAGRATGAA | GTTTGATCCTGGCTCAGAAYSAA | GTTTGATCCTGGCTCAGGAYRAA | GTTTGATCCTGGCTCAGGATKAR
11,23,4,2,5,0.8911389583988288,0.9657880928867151,0.8911389583988288,20,GTTTGATCMTGGCTCAGRATGAA | GTTTGATCCTGGCTCAGAAYSAA | GTTTGATCCTGGCTCAGGAYRAA | GTTTGATCCTGGCTCAGGATKAR | GTTTGATCMTGGCTCAGAWTGAA
11,23,4,2,6,0.894203253991441,0.9687826325057225,0.894203253991441,24,GTTTGATCMTGGCTCAGRATGAA | GTTTGATCCTGGCTCAGAAYSAA | GTTTGATCCTGGCTCAGGAYRAA | GTTTGATCCTGGCTCAGGATKAR | GTTTGATCMTGGCTCAGAWTGAA | GTTYGATMCTGGCTCAGGATGAA
11,23,8,3,1,0.8203997885532579,0.8609308132561333,0.8203997885532579,8,GTTTGATCMTGGCTCAGRAYGAA
11,23,8,3,2,0.8929552664800376,0.9621317595564177,0.8929552664800376,12,GTTTGATCMTGGCTCAGRAYGAA | GTTTGATCCTGGCTCAGAATNAA
11,23,8,3,3,0.9135767795957274,0.9691395799221425,0.9135767795957274,18,GTTTGATCMTGGCTCAGRAYGAA | GTTTGATCCTGGCTCAGAATNAA | GTTTGATYCTGGCTCAGGATDAA
11,23,8,3,4,0.9177612902721503,0.9769273460737299,0.9177612902721503,24,GTTTGATCMTGGCTCAGRAYGAA | GTTTGATCCTGGCTCAGAATNAA | GTTTGATYCTGGCTCAGGATDAA | GTTTGATMCTGGCTCAGGATGAV
11,23,8,3,5,0.9237578471869853,0.9806630217766932,0.9237578471869853,32,GTTTGATCMTGGCTCAGRAYGAA | GTTTGATCCTGGCTCAGAATNAA | GTTTGATYCTGGCTCAGGATDAA | GTTTGATMCTGGCTCAGGATGAV | GTTTGATCMTGGCTCAGAWTSAA
11,23,8,3,6,0.9271055021544701,0.980874655451386,0.9271055021544701,40,GTTTGATCMTGGCTCAGRAYGAA | GTTTGATCCTGGCTCAGAATNAA | GTTTGATYCTGGCTCAGGATDAA | GTTTGATMCTGGCTCAGGATGAV | GTTTGATCMTGGCTCAGAWTSAA | GTTTGATCYTGGCTCAGSRTGAA
11,23,16,4,1,0.8714328089308424,0.9414797485181273,0.8714328089308424,16,GTTTGATCMTGGCTCAGRAYSAA
11,23,16,4,2,0.9189932555661525,0.9705286551140345,0.9189932555661525,28,GTTTGATCMTGGCTCAGRAYSAA | GTTTGATYCTGGCTCAGRATDAA
11,23,16,4,3,0.9241971993337047,0.9784788644105212,0.9241971993337047,40,GTTTGATCMTGGCTCAGRAYSAA | GTTTGATYCTGGCTCAGRATDAA | GTTTGATMYTGGCTCAGGATGAV
11,23,16,4,4,0.92993568060582,0.9788398409764923,0.92993568060582,56,GTTTGATCMTGGCTCAGRAYSAA | GTTTGATYCTGGCTCAGRATDAA | GTTTGATMYTGGCTCAGGATGAV | GTTTGATYMTGGCTCAGSRTGAA
11,23,16,4,5,0.93604895815034,0.9833920098413254,0.93604895815034,72,GTTTGATCMTGGCTCAGRAYSAA | GTTTGATYCTGGCTCAGRATDAA | GTTTGATMYTGGCTCAGGATGAV | GTTTGATYMTGGCTCAGSRTGAA | GTTTGATCMTGGCTCAGAWTGWW
11,23,16,4,6,0.9391497712658247,0.9833920098413254,0.9391497712658247,88,GTTTGATCMTGGCTCAGRAYSAA | GTTTGATYCTGGCTCAGRATDAA | GTTTGATMYTGGCTCAGGATGAV | GTTTGATYMTGGCTCAGSRTGAA | GTTTGATCMTGGCTCAGAWTGWW | GTWYGATCCTKGCTCAGGAKGAA
13,17,4,2,1,0.8541045433012981,0.9272158719650654,0.8541045433012981,4,TTGATCCTGGCTCAGRW
13,17,4,2,2,0.8723627202463323,0.9465165573647883,0.8723627202463323,8,TTGATCCTGGCTCAGRW | TTGATYCTGGCTCAGGR
13,17,4,2,3,0.884543335176585,0.9475715545270519,0.884543335176585,12,TTGATCCTGGCTCAGRW | TTGATYCTGGCTCAGGR | TTGATCMTGGCTCARGA
13,17,4,2,4,0.8898930058238609,0.9500144320569834,0.8898930058238609,16,TTGATCCTGGCTCAGRW | TTGATYCTGGCTCAGGR | TTGATCMTGGCTCARGA | TTGATCCTGGCTCASRA
13,17,8,3,1,0.8838352548605486,0.9505269355162532,0.8838352548605486,6,TTGATCCTGGCTCAGRD
13,17,8,3,2,0.9197170919508642,0.9750973343809147,0.9197170919508642,14,TTGATCCTGGCTCAGRD | TTGATCMTGGCTCARRA
13,17,16,4,1,0.9089231477906066,0.9723062045479757,0.9089231477906066,12,TTGATYCTGGCTCAGRD
13,17,16,4,2,0.9278238100538188,0.9805247492902837,0.9278238100538188,24,TTGATYCTGGCTCAGRD | TTRATCCTGGCTCAHRA
12,21,4,2,1,0.7674613621924758,0.8265352953130388,0.7674613621924758,4,TTTGATCCTGGCTCAGRAYGA
12,21,4,2,2,0.8322560261705259,0.9281622149292503,0.8322560261705259,8,TTTGATCCTGGCTCAGRAYGA | TTTGATCMTGGCTCAGAATSA
12,21,4,2,3,0.8608622411963475,0.9598439507693799,0.8608622411963475,12,TTTGATCCTGGCTCAGRAYGA | TTTGATCMTGGCTCAGAATSA | TTTGATCMTGGCTCAGGATRA
12,21,4,2,4,0.884033774054263,0.9636572788332162,0.884033774054263,16,TTTGATCCTGGCTCAGRAYGA | TTTGATCMTGGCTCAGAATSA | TTTGATCMTGGCTCAGGATRA | TTTGATCCTGGCTCAGGAYKA
12,21,4,2,5,0.8893949727924334,0.9673359133849143,0.8893949727924334,20,TTTGATCCTGGCTCAGRAYGA | TTTGATCMTGGCTCAGAATSA | TTTGATCMTGGCTCAGGATRA | TTTGATCCTGGCTCAGGAYKA | TTTGATCCTGGCTCAGAWKGA
12,21,4,2,6,0.8924152656530421,0.970285263565008,0.8924152656530421,24,TTTGATCCTGGCTCAGRAYGA | TTTGATCMTGGCTCAGAATSA | TTTGATCMTGGCTCAGGATRA | TTTGATCCTGGCTCAGGAYKA | TTTGATCCTGGCTCAGAWKGA | TTYGATMCTGGCTCAGGATGA
12,21,8,3,1,0.8169316354767484,0.8684756168890936,0.8169316354767484,8,TTTGATCMTGGCTCAGRAYGA
12,21,8,3,2,0.9005010597278038,0.9705032094749403,0.9005010597278038,14,TTTGATCMTGGCTCAGRAYGA | TTTGATCCTGGCTCAGAAYHA
12,21,8,3,3,0.9176159005511764,0.9772347811397114,0.9176159005511764,20,TTTGATCMTGGCTCAGRAYGA | TTTGATCCTGGCTCAGAAYHA | TTTGATYCTGGCTCAGGATDA
12,21,8,3,4,0.9235221770636305,0.9807959975486291,0.9235221770636305,28,TTTGATCMTGGCTCAGRAYGA | TTTGATCCTGGCTCAGAAYHA | TTTGATYCTGGCTCAGGATDA | TTTGATMYTGGCTCAGGAKGA
12,21,8,3,5,0.9288832905002273,0.9807959975486291,0.9288832905002273,36,TTTGATCMTGGCTCAGRAYGA | TTTGATCCTGGCTCAGAAYHA | TTTGATYCTGGCTCAGGATDA | TTTGATMYTGGCTCAGGAKGA | TTTGATYCTGGCTCAGSAYGA
12,21,8,3,6,0.9308497938391284,0.9816825223713241,0.9308497938391284,44,TTTGATCMTGGCTCAGRAYGA | TTTGATCCTGGCTCAGAAYHA | TTTGATYCTGGCTCAGGATDA | TTTGATMYTGGCTCAGGAKGA | TTTGATYCTGGCTCAGSAYGA | TWYGATCCTGGCTCAGGATGM
12,21,16,4,1,0.8678329684429577,0.9490002187688832,0.8678329684429577,16,TTTGATCMTGGCTCAGRAYSA
12,21,16,4,2,0.9148163493374626,0.9769337657355505,0.9148163493374626,28,TTTGATCMTGGCTCAGRAYSA | TTTGATYCTGGCTCAGGAYDA
12,21,16,4,3,0.9241948480721388,0.9804949821444682,0.9241948480721388,44,TTTGATCMTGGCTCAGRAYSA | TTTGATYCTGGCTCAGGAYDA | TYTGATMYTGGCTCAGGAKGA
12,21,16,4,4,0.9321338033076895,0.9841789974035818,0.9321338033076895,60,TTTGATCMTGGCTCAGRAYSA | TTTGATYCTGGCTCAGGAYDA | TYTGATMYTGGCTCAGGAKGA | TTTGATCMTGGCTCAGMWYGA
12,21,16,4,5,0.9348417788189424,0.9850655222262769,0.9348417788189424,76,TTTGATCMTGGCTCAGRAYSA | TTTGATYCTGGCTCAGGAYDA | TYTGATMYTGGCTCAGGAKGA | TTTGATCMTGGCTCAGMWYGA | TWYGATCCTKGCTCAGGATGM
12,21,16,4,6,0.9455151849649494,0.9866730325143426,0.9455151849649494,88,TTTGATCMTGGCTCAGRAYSA | TTTGATYCTGGCTCAGGAYDA | TYTGATMYTGGCTCAGGAKGA | TTTGATCMTGGCTCAGMWYGA | TWYGATCCTKGCTCAGGATGM | TTTGATCCTGGCTCAGARYDA
13,19,4,2,1,0.7156048782869527,0.7804185140905564,0.7156048782869527,4,TTGATCMTGGCTCAGGAYG
13,19,4,2,2,0.8128649339711213,0.9094016947716218,0.8128649339711213,8,TTGATCMTGGCTCAGGAYG | TTGATCCTGGCTCAGAWTS
13,19,4,2,3,0.8553212340436532,0.9450789285951963,0.8553212340436532,12,TTGATCMTGGCTCAGGAYG | TTGATCCTGGCTCAGAWTS | TTGATCCTGGCTCAGARYG
13,19,4,2,4,0.8891440449303175,0.9648246903092925,0.8891440449303175,15,TTGATCMTGGCTCAGGAYG | TTGATCCTGGCTCAGAWTS | TTGATCCTGGCTCAGARYG | TTGATCCTGGCTCAGGATD
13,19,4,2,5,0.8939398791758247,0.9675755112608712,0.8939398791758247,19,TTGATCMTGGCTCAGGAYG | TTGATCCTGGCTCAGAWTS | TTGATCCTGGCTCAGARYG | TTGATCCTGGCTCAGGATD | TYGATCCTGGCTCAGGAKG
13,19,4,2,6,0.9028509483388188,0.9715395638629936,0.9028509483388188,23,TTGATCMTGGCTCAGGAYG | TTGATCCTGGCTCAGAWTS | TTGATCCTGGCTCAGARYG | TTGATCCTGGCTCAGGATD | TYGATCCTGGCTCAGGAKG | TTGATYCTGGCTCAGAAYG
13,19,8,3,1,0.7622653077347326,0.8269592093373151,0.7622653077347326,8,TTGATCMTGGCTCAGGWYG
13,19,8,3,2,0.8548985962405747,0.9441030566379466,0.8548985962405747,16,TTGATCMTGGCTCAGGWYG | TTGATCCTGGCTCAGARYS
13,19,8,3,3,0.8942989260452446,0.9690348941286532,0.8942989260452446,22,TTGATCMTGGCTCAGGWYG | TTGATCCTGGCTCAGARYS | TTGATCCTGGCTCAGGAYD
13,19,8,3,4,0.9005926791115054,0.9735973092831305,0.9005926791115054,30,TTGATCMTGGCTCAGGWYG | TTGATCCTGGCTCAGARYS | TTGATCCTGGCTCAGGAYD | TYGATMCTGGCTCAGGAKG
13,19,8,3,5,0.917512399706789,0.9798568912900113,0.917512399706789,36,TTGATCMTGGCTCAGGWYG | TTGATCCTGGCTCAGARYS | TTGATCCTGGCTCAGGAYD | TYGATMCTGGCTCAGGAKG | TTGATCATGGCTCAGADYG
13,19,8,3,6,0.9218240503179919,0.9800769553722911,0.9218240503179919,44,TTGATCMTGGCTCAGGWYG | TTGATCCTGGCTCAGARYS | TTGATCCTGGCTCAGGAYD | TYGATMCTGGCTCAGGAKG | TTGATCATGGCTCAGADYG | WTGATCYTGGCTCAGGMTG
13,19,16,4,1,0.807876086122381,0.9005240831368032,0.807876086122381,16,TTGATCMTGGCTCAGGWYS
13,19,16,4,2,0.8874871563302457,0.9597628561403296,0.8874871563302457,32,TTGATCMTGGCTCAGGWYS | TTGATCMTGGCTCAGARYR
13,19,16,4,3,0.9240274189277571,0.9646822029511752,0.9240274189277571,48,TTGATCMTGGCTCAGGWYS | TTGATCMTGGCTCAGARYR | TTGATYCTGGCTYAGGAYK
13,19,16,4,4,0.9315051075090016,0.9725004328651962,0.9315051075090016,64,TTGATCMTGGCTCAGGWYS | TTGATCMTGGCTCAGARYR | TTGATYCTGGCTYAGGAYK | TTGATMCTGGCTCAGGMKR
13,19,16,4,5,0.9343660627259064,0.9728671779805961,0.9343660627259064,80,TTGATCMTGGCTCAGGWYS | TTGATCMTGGCTCAGARYR | TTGATYCTGGCTYAGGAYK | TTGATMCTGGCTCAGGMKR | WYGATCMTGGCTCRGGATG
13,19,16,4,6,0.9430350339997431,0.9834183042777361,0.9430350339997431,92,TTGATCMTGGCTCAGGWYS | TTGATCMTGGCTCAGARYR | TTGATYCTGGCTYAGGAYK | TTGATMCTGGCTCAGGMKR | WYGATCMTGGCTCRGGATG | TTGATCHTGGCTCAGAWTS
12,23,4,2,1,0.8297052286384573,0.9124394126645637,0.8297052286384573,4,TTTGATCMTGGCTCAGRATGAAC
12,23,4,2,2,0.8861951926739788,0.9536835823235347,0.8861951926739788,8,TTTGATCMTGGCTCAGRATGAAC | TTTGATCMTGGCTCAGRACGAAC
12,23,4,2,3,0.8918546849460259,0.9603357893429237,0.8918546849460259,12,TTTGATCMTGGCTCAGRATGAAC | TTTGATCMTGGCTCAGRACGAAC | TTTGATYCTGGCTCAGGATGAAY
12,23,4,2,4,0.8971305979266561,0.96650852376732,0.8971305979266561,16,TTTGATCMTGGCTCAGRATGAAC | TTTGATCMTGGCTCAGRACGAAC | TTTGATYCTGGCTCAGGATGAAY | TTTGATCSTGGCTCAGGATGARC
12,23,4,2,5,0.9028651085817468,0.9742251689839655,0.9028651085817468,20,TTTGATCMTGGCTCAGRATGAAC | TTTGATCMTGGCTCAGRACGAAC | TTTGATYCTGGCTCAGGATGAAY | TTTGATCSTGGCTCAGGATGARC | TTTGATYCTGGCTCAGAATSAAC
12,23,4,2,6,0.9051888915917777,0.9759142423998967,0.9051888915917777,24,TTTGATCMTGGCTCAGRATGAAC | TTTGATCMTGGCTCAGRACGAAC | TTTGATYCTGGCTCAGGATGAAY | TTTGATCSTGGCTCAGGATGARC | TTTGATYCTGGCTCAGAATSAAC | TTTGATCYTGGCTCAGGATGAMC
12,23,8,3,1,0.8861951926739788,0.9536835823235347,0.8861951926739788,8,TTTGATCMTGGCTCAGRAYGAAC
12,23,8,3,2,0.8992091881615732,0.9612366902438246,0.8992091881615732,16,TTTGATCMTGGCTCAGRAYGAAC | TTTGATYCTGGCTCAGRATGAAY
12,23,8,3,3,0.9058000321902604,0.9690189055976832,0.9058000321902604,22,TTTGATCMTGGCTCAGRAYGAAC | TTTGATYCTGGCTCAGRATGAAY | TTTGATCSTGGCTCAGGATGAVC
12,23,8,3,4,0.9127013520183759,0.9796500962067499,0.9127013520183759,30,TTTGATCMTGGCTCAGRAYGAAC | TTTGATYCTGGCTCAGRATGAAY | TTTGATCSTGGCTCAGGATGAVC | TTTGATCMTGGCTCAGAWTSAAC
12,23,8,3,5,0.9159810949530991,0.9797940387575693,0.9159810949530991,38,TTTGATCMTGGCTCAGRAYGAAC | TTTGATYCTGGCTCAGRATGAAY | TTTGATCSTGGCTCAGGATGAVC | TTTGATCMTGGCTCAGAWTSAAC | TTTGATCYTGGCTCAGSRTGAAC
12,23,8,3,6,0.9190013878137079,0.9801124087034463,0.9190013878137079,46,TTTGATCMTGGCTCAGRAYGAAC | TTTGATYCTGGCTCAGRATGAAY | TTTGATCSTGGCTCAGGATGAVC | TTTGATCMTGGCTCAGAWTSAAC | TTTGATCYTGGCTCAGSRTGAAC | TWYGATCCTGGCTCAGGATGAAS
12,23,16,4,1,0.9041220095279741,0.9634076598216712,0.9041220095279741,16,TTTGATYMTGGCTCAGRAYGAAC
12,23,16,4,2,0.9186513188024138,0.9729194573833118,0.9186513188024138,32,TTTGATYMTGGCTCAGRAYGAAC | TTTGATCSTGGCTCAGRATGARY
12,23,16,4,3,0.9255682708307731,0.9832108344946701,0.9255682708307731,48,TTTGATYMTGGCTCAGRAYGAAC | TTTGATCSTGGCTCAGRATGARY | TTTGATCCTGGCTCAGMWTSAMC
12,23,16,4,4,0.9299741195827388,0.9835935545048974,0.9299741195827388,64,TTTGATYMTGGCTCAGRAYGAAC | TTTGATCSTGGCTCAGRATGARY | TTTGATCCTGGCTCAGMWTSAMC | TWTGATCYTGGCTCAGGAKGAAS
12,23,16,4,5,0.9376674572987017,0.9854918814032242,0.9376674572987017,80,TTTGATYMTGGCTCAGRAYGAAC | TTTGATCSTGGCTCAGRATGARY | TTTGATCCTGGCTCAGMWTSAMC | TWTGATCYTGGCTCAGGAKGAAS | TTYGATCCTGGCTCAGARYKAAC
12,23,16,4,6,0.9406763092606756,0.9855714738896934,0.9406763092606756,96,TTTGATYMTGGCTCAGRAYGAAC | TTTGATCSTGGCTCAGRATGARY | TTTGATCCTGGCTCAGMWTSAMC | TWTGATCYTGGCTCAGGAKGAAS | TTYGATCCTGGCTCAGARYKAAC | TTYGATMCTKGCTCRGGATGAAC
13,21,4,2,1,0.763424638067209,0.8242373884549817,0.763424638067209,4,TTGATCMTGGCTCAGRATGAA
13,21,4,2,2,0.8326289167429818,0.9244723081019911,0.8326289167429818,8,TTGATCMTGGCTCAGRATGAA | TTGATCCTGGCTCAGAAYSAA
13,21,4,2,3,0.8569421823752785,0.9545603463251728,0.8569421823752785,12,TTGATCMTGGCTCAGRATGAA | TTGATCCTGGCTCAGAAYSAA | TTGATCCTGGCTCAGGAYRAA
13,21,4,2,4,0.8794426796086053,0.9615570870222956,0.8794426796086053,16,TTGATCMTGGCTCAGRATGAA | TTGATCCTGGCTCAGAAYSAA | TTGATCCTGGCTCAGGAYRAA | TTGATCCTGGCTCAGGATKAR
13,21,4,2,5,0.8982630700345346,0.9668213536573286,0.8982630700345346,20,TTGATCMTGGCTCAGRATGAA | TTGATCCTGGCTCAGAAYSAA | TTGATCCTGGCTCAGGAYRAA | TTGATCCTGGCTCAGGATKAR | TTGATYATGGCTCAGGAYGAA
13,21,4,2,6,0.9027607081248487,0.9704456605867642,0.9027607081248487,24,TTGATCMTGGCTCAGRATGAA | TTGATCCTGGCTCAGAAYSAA | TTGATCCTGGCTCAGGAYRAA | TTGATCCTGGCTCAGGATKAR | TTGATYATGGCTCAGGAYGAA | TTGATCMTGGCTCAGAWTGAA
13,21,8,3,1,0.814274631654374,0.8608397448061686,0.814274631654374,8,TTGATCMTGGCTCAGRAYGAA
13,21,8,3,2,0.8866680994456959,0.9620281602177818,0.8866680994456959,12,TTGATCMTGGCTCAGRAYGAA | TTGATCCTGGCTCAGAATNAA
13,21,8,3,3,0.9070218955120971,0.9689492595806173,0.9070218955120971,18,TTGATCMTGGCTCAGRAYGAA | TTGATCCTGGCTCAGAATNAA | TTGATYCTGGCTCAGGATDAA
13,21,8,3,4,0.9112454296884603,0.9766711096201305,0.9112454296884603,24,TTGATCMTGGCTCAGRAYGAA | TTGATCCTGGCTCAGAATNAA | TTGATYCTGGCTCAGGATDAA | TTGATMCTGGCTCAGGATGAV
13,21,8,3,5,0.9144527330489517,0.9768761281593833,0.9144527330489517,32,TTGATCMTGGCTCAGRAYGAA | TTGATCCTGGCTCAGAATNAA | TTGATYCTGGCTCAGGATDAA | TTGATMCTGGCTCAGGATGAV | TTGATCYTGGCTCAGSRTGAA
13,21,8,3,6,0.9168133018990631,0.9768761281593833,0.9168133018990631,40,TTGATCMTGGCTCAGRAYGAA | TTGATCCTGGCTCAGAATNAA | TTGATYCTGGCTCAGGATDAA | TTGATMCTGGCTCAGGATGAV | TTGATCYTGGCTCAGSRTGAA | WYGATCCTKGCTCAGGATGAA
13,21,16,4,1,0.8645505194756921,0.94134913686788,0.8645505194756921,16,TTGATCMTGGCTCAGRAYSAA
13,21,16,4,2,0.9124475953167964,0.970278373675083,0.9124475953167964,28,TTGATCMTGGCTCAGRAYSAA | TTGATYCTGGCTCAGRATDAA
13,21,16,4,3,0.9176620895261967,0.9781571603122107,0.9176620895261967,40,TTGATCMTGGCTCAGRAYSAA | TTGATYCTGGCTCAGRATDAA | TTGATMYTGGCTCAGGATGAV
13,21,16,4,4,0.9264736855931299,0.9785063541686491,0.9264736855931299,56,TTGATCMTGGCTCAGRAYSAA | TTGATYCTGGCTCAGRATDAA | TTGATMYTGGCTCAGGATGAV | TTGATYMTGGCTCAGSRTGAA
13,21,16,4,5,0.9297506098806352,0.9786505294858349,0.9297506098806352,72,TTGATCMTGGCTCAGRAYSAA | TTGATYCTGGCTCAGRATDAA | TTGATMYTGGCTCAGGATGAV | TTGATYMTGGCTCAGSRTGAA | WYGATCCTKGCTCRGGATGAA
13,21,16,4,6,0.933824802722723,0.9812314842295072,0.933824802722723,88,TTGATCMTGGCTCAGRAYSAA | TTGATYCTGGCTCAGRATDAA | TTGATMYTGGCTCAGGATGAV | TTGATYMTGGCTCAGSRTGAA | WYGATCCTKGCTCRGGATGAA | TTGATCCTGGCTCAGRWKGAW
14,17,4,2,1,0.8117707089579559,0.8493678571845457,0.8117707089579559,4,TGATCCTGGCTCAGRAY
14,17,4,2,2,0.8867030100158898,0.9531876246897615,0.8867030100158898,8,TGATCCTGGCTCAGRAY | TGATCCTGGCTCAGAKY
14,17,4,2,3,0.9004218547347875,0.9691994022718525,0.9004218547347875,12,TGATCCTGGCTCAGRAY | TGATCCTGGCTCAGAKY | TGATCMTGGCTCAGGRT
14,17,4,2,4,0.9040485269543894,0.9708386805706825,0.9040485269543894,16,TGATCCTGGCTCAGRAY | TGATCCTGGCTCAGAKY | TGATCMTGGCTCAGGRT | TGATCCTGGCTCAGRAR
14,17,8,3,1,0.8617205013246253,0.9323570933826496,0.8617205013246253,8,TGATCCTGGCTCAGRWY
14,17,8,3,2,0.8947952518895215,0.9639388395598578,0.8947952518895215,16,TGATCCTGGCTCAGRWY | TGATCMTGGCTCAGRRT
14,17,8,3,3,0.899078092088126,0.9657991332834341,0.899078092088126,24,TGATCCTGGCTCAGRWY | TGATCMTGGCTCAGRRT | TGATCCTGGCTCAGRWR
14,17,16,4,1,0.8915553195192766,0.9555510557825703,0.8915553195192766,12,TGATCCTGGCTCAGRDY
14,17,16,4,2,0.934958891372402,0.9794677157544385,0.934958891372402,28,TGATCCTGGCTCAGRDY | TGATYMTGGCTCAGRAY
13,23,4,2,1,0.8206587786687821,0.9080308533634317,0.8206587786687821,4,TTGATCMTGGCTCAGRATGAACG
13,23,4,2,2,0.8793544861956802,0.9483756314148168,0.8793544861956802,8,TTGATCMTGGCTCAGRATGAACG | TTGATCMTGGCTCAGRACGAACG
13,23,4,2,3,0.8894093436069136,0.9502657678734489,0.8894093436069136,12,TTGATCMTGGCTCAGRATGAACG | TTGATCMTGGCTCAGRACGAACG | TTGATCCTGGCTCAGGATGAAYK
13,23,4,2,4,0.8962762778970621,0.9568883351334926,0.8962762778970621,16,TTGATCMTGGCTCAGRATGAACG | TTGATCMTGGCTCAGRACGAACG | TTGATCCTGGCTCAGGATGAAYK | TTGATYMTGGCTCAGGATGAACG
13,23,4,2,5,0.9015909934952487,0.9631132336229685,0.9015909934952487,20,TTGATCMTGGCTCAGRATGAACG | TTGATCMTGGCTCAGRACGAACG | TTGATCCTGGCTCAGGATGAAYK | TTGATYMTGGCTCAGGATGAACG | TTGATCSTGGCTCAGGATGARCG
13,23,4,2,6,0.907287104591311,0.9708175564868659,0.907287104591311,24,TTGATCMTGGCTCAGRATGAACG | TTGATCMTGGCTCAGRACGAACG | TTGATCCTGGCTCAGGATGAAYK | TTGATYMTGGCTCAGGATGAACG | TTGATCSTGGCTCAGGATGARCG | TTGATYCTGGCTCAGAATSAACG
13,23,8,3,1,0.8793544861956802,0.9483756314148168,0.8793544861956802,8,TTGATCMTGGCTCAGRAYGAACG
13,23,8,3,2,0.8912862955842451,0.9549981986748604,0.8912862955842451,16,TTGATCMTGGCTCAGRAYGAACG | TTGATYCTGGCTCAGGATGAAYK
13,23,8,3,3,0.8988173545098862,0.9612230971643365,0.8988173545098862,24,TTGATCMTGGCTCAGRAYGAACG | TTGATYCTGGCTCAGGATGAAYK | TTGATCSTGGCTCAGSATGARCG
13,23,8,3,4,0.9073953471225265,0.9715869944963189,0.9073953471225265,32,TTGATCMTGGCTCAGRAYGAACG | TTGATYCTGGCTCAGGATGAAYK | TTGATCSTGGCTCAGSATGARCG | TTGATYCTGGCTCAGAWTSAACG
13,23,8,3,5,0.9097098571921599,0.9760046856926213,0.9097098571921599,40,TTGATCMTGGCTCAGRAYGAACG | TTGATYCTGGCTCAGGATGAAYK | TTGATCSTGGCTCAGSATGARCG | TTGATYCTGGCTCAGAWTSAACG | TTGATCYTGGCTCAGGATGAMCS
13,23,8,3,6,0.9126788421296488,0.9762403124598221,0.9126788421296488,48,TTGATCMTGGCTCAGRAYGAACG | TTGATYCTGGCTCAGGATGAAYK | TTGATCSTGGCTCAGSATGARCG | TTGATYCTGGCTCAGAWTSAACG | TTGATCYTGGCTCAGGATGAMCS | WYGATCCTGGCTCAGGATGAASG
13,23,16,4,1,0.8970565725511478,0.9580234994961718,0.8970565725511478,16,TTGATYMTGGCTCAGRAYGAACG
13,23,16,4,2,0.9165056119191489,0.9619785229641868,0.9165056119191489,32,TTGATYMTGGCTCAGRAYGAACG | TTGATCSTGGCTCAGRATGAAYK
13,23,16,4,3,0.9219103629225178,0.9692285615206857,0.9219103629225178,48,TTGATYMTGGCTCAGRAYGAACG | TTGATCSTGGCTCAGRATGAAYK | TTGATCYTGGCTCAGSATGARCS
13,23,16,4,4,0.9254274861184252,0.9710451452142675,0.9254274861184252,64,TTGATYMTGGCTCAGRAYGAACG | TTGATCSTGGCTCAGRATGAAYK | TTGATCYTGGCTCAGSATGARCS | WYGATCCTGGCTCAGGATGAMSG
13,23,16,4,5,0.9295242550852295,0.9811099554520882,0.9295242550852295,76,TTGATYMTGGCTCAGRAYGAACG | TTGATCSTGGCTCAGRATGAAYK | TTGATCYTGGCTCAGSATGARCS | WYGATCCTGGCTCAGGATGAMSG | TTGATCHTGGCTCAGAWTSAACG
13,23,16,4,6,0.9318278187160766,0.9812541307692739,0.9318278187160766,92,TTGATYMTGGCTCAGRAYGAACG | TTGATCSTGGCTCAGRATGAAYK | TTGATCYTGGCTCAGSATGARCS | WYGATCCTGGCTCAGGATGAMSG | TTGATCHTGGCTCAGAWTSAACG | TTGATMCTKGCTCRGGRTGAACG
14,19,4,2,1,0.7703124211642937,0.8259971012003874,0.7703124211642937,4,TGATCCTGGCTCAGRAYGA
14,19,4,2,2,0.8346598254693177,0.9273742231284315,0.8346598254693177,8,TGATCCTGGCTCAGRAYGA | TGATCMTGGCTCAGAATSA
14,19,4,2,3,0.8597936617204511,0.9590338071792398,0.8597936617204511,12,TGATCCTGGCTCAGRAYGA | TGATCMTGGCTCAGAATSA | TGATCMTGGCTCAGGATRA
14,19,4,2,4,0.8850359519245109,0.9628424870205562,0.8850359519245109,16,TGATCCTGGCTCAGRAYGA | TGATCMTGGCTCAGAATSA | TGATCMTGGCTCAGGATRA | TGATCCTGGCTCAGGAYKA
14,19,4,2,5,0.8898294237703355,0.9655809286896594,0.8898294237703355,20,TGATCCTGGCTCAGRAYGA | TGATCMTGGCTCAGAATSA | TGATCMTGGCTCAGGATRA | TGATCCTGGCTCAGGAYKA | YGATCCTGGCTCAGGAKGA
14,19,4,2,6,0.9113605500637698,0.9734772735810077,0.9113605500637698,24,TGATCCTGGCTCAGRAYGA | TGATCMTGGCTCAGAATSA | TGATCMTGGCTCAGGATRA | TGATCCTGGCTCAGGAYKA | YGATCCTGGCTCAGGAKGA | TGATCATGGCTCAGRAYGA
14,19,8,3,1,0.8161134846641588,0.8679110058869323,0.8161134846641588,8,TGATCMTGGCTCAGRAYGA
14,19,8,3,2,0.8858706620740998,0.9642582523889497,0.8858706620740998,12,TGATCMTGGCTCAGRAYGA | TGATCCTGGCTCAGAATNA
14,19,8,3,3,0.9077437991125934,0.973149841396587,0.9077437991125934,18,TGATCMTGGCTCAGRAYGA | TGATCCTGGCTCAGAATNA | TGATCCTGGCTCAGGAYDA
14,19,8,3,4,0.9140267722707539,0.9776998772685884,0.9140267722707539,26,TGATCMTGGCTCAGRAYGA | TGATCCTGGCTCAGAATNA | TGATCCTGGCTCAGGAYDA | YGATMCTGGCTCAGGAKGA
14,19,8,3,5,0.9205581572731999,0.9777773966484334,0.9205581572731999,34,TGATCMTGGCTCAGRAYGA | TGATCCTGGCTCAGAATNA | TGATCCTGGCTCAGGAYDA | YGATMCTGGCTCAGGAKGA | TGATMYTGGCTCAGSATGA
14,19,8,3,6,0.926410707739214,0.979360940124664,0.926410707739214,42,TGATCMTGGCTCAGRAYGA | TGATCCTGGCTCAGAATNA | TGATCCTGGCTCAGGAYDA | YGATMCTGGCTCAGGAKGA | TGATMYTGGCTCAGSATGA | TGATYMTGGCTCAGRATGA
14,19,16,4,1,0.8666138217777704,0.9484137348771485,0.8666138217777704,16,TGATCMTGGCTCAGRAYSA
14,19,16,4,2,0.9160037387121367,0.9763104177506959,0.9160037387121367,28,TGATCMTGGCTCAGRAYSA | TGATYCTGGCTCAGGAYDA
14,19,16,4,3,0.9273473325243705,0.979839334330512,0.9273473325243705,44,TGATCMTGGCTCAGRAYSA | TGATYCTGGCTCAGGAYDA | TGATMYTGGCTCAGSAKGA
14,19,16,4,4,0.934172289363718,0.9839181495915561,0.934172289363718,56,TGATCMTGGCTCAGRAYSA | TGATYCTGGCTCAGGAYDA | TGATMYTGGCTCAGSAKGA | TGATCHTGGCTCAGAWTRA
14,19,16,4,5,0.9372490257699017,0.9849211824304951,0.9372490257699017,72,TGATCMTGGCTCAGRAYSA | TGATYCTGGCTCAGGAYDA | TGATMYTGGCTCAGSAKGA | TGATCHTGGCTCAGAWTRA | YGATCCTKGCTCRGGATGM
14,19,16,4,6,0.9384828135179987,0.9855628003096003,0.9384828135179987,88,TGATCMTGGCTCAGRAYSA | TGATYCTGGCTCAGGAYDA | TGATMYTGGCTCAGSAKGA | TGATCHTGGCTCAGAWTRA | YGATCCTKGCTCRGGATGM | TGAYCSTGGCTCAGGRYGA
14,21,4,2,1,0.8283862219423156,0.9117225643317921,0.8283862219423156,4,TGATCMTGGCTCAGRATGAAC
14,21,4,2,2,0.887722221939314,0.9532446625010064,0.887722221939314,8,TGATCMTGGCTCAGRATGAAC | TGATCMTGGCTCAGRACGAAC
14,21,4,2,3,0.8932940841576849,0.9598558921434223,0.8932940841576849,12,TGATCMTGGCTCAGRATGAAC | TGATCMTGGCTCAGRACGAAC | TGATYCTGGCTCAGGATGAAY
14,21,4,2,4,0.8985236809307233,0.9659962872416415,0.8985236809307233,16,TGATCMTGGCTCAGRATGAAC | TGATCMTGGCTCAGRACGAAC | TGATYCTGGCTCAGGATGAAY | TGATCSTGGCTCAGGATGARC
14,21,4,2,5,0.904217743132799,0.9736943111887234,0.904217743132799,20,TGATCMTGGCTCAGRATGAAC | TGATCMTGGCTCAGRACGAAC | TGATYCTGGCTCAGGATGAAY | TGATCSTGGCTCAGGATGARC | TGATYCTGGCTCAGAATSAAC
14,21,4,2,6,0.906496891044601,0.9753526829784156,0.906496891044601,24,TGATCMTGGCTCAGRATGAAC | TGATCMTGGCTCAGRACGAAC | TGATYCTGGCTCAGGATGAAY | TGATCSTGGCTCAGGATGARC | TGATYCTGGCTCAGAATSAAC | TGATCYTGGCTCAGGATGAMC
14,21,8,3,1,0.887722221939314,0.9532446625010064,0.887722221939314,8,TGATCMTGGCTCAGRAYGAAC
14,21,8,3,2,0.9005826253573869,0.9607350682298327,0.9005826253573869,16,TGATCMTGGCTCAGRAYGAAC | TGATYCTGGCTCAGRATGAAY
14,21,8,3,3,0.9071090942007021,0.9684561712469768,0.9071090942007021,22,TGATCMTGGCTCAGRAYGAAC | TGATYCTGGCTCAGRATGAAY | TGATCSTGGCTCAGGATGAVC
14,21,8,3,4,0.914296912913655,0.9686114989885114,0.914296912913655,30,TGATCMTGGCTCAGRAYGAAC | TGATYCTGGCTCAGRATGAAY | TGATCSTGGCTCAGGATGAVC | TGATMYTGGCTCAGSATGAAC
14,21,8,3,5,0.9211400109018313,0.9792793723802137,0.9211400109018313,38,TGATCMTGGCTCAGRAYGAAC | TGATYCTGGCTCAGRATGAAY | TGATCSTGGCTCAGGATGAVC | TGATMYTGGCTCAGSATGAAC | TGATCMTGGCTCAGAWTSAAC
14,21,8,3,6,0.9244728535122212,0.9796528261551694,0.9244728535122212,46,TGATCMTGGCTCAGRAYGAAC | TGATYCTGGCTCAGRATGAAY | TGATCSTGGCTCAGGATGAVC | TGATMYTGGCTCAGSATGAAC | TGATCMTGGCTCAGAWTSAAC | YGATCCTGGCTCAGGAKGAAS
14,21,16,4,1,0.9053856700508615,0.9628656171071982,0.9053856700508615,16,TGATYMTGGCTCAGRAYGAAC
14,21,16,4,2,0.9197522579748886,0.972320172366817,0.9197522579748886,32,TGATYMTGGCTCAGRAYGAAC | TGATCSTGGCTCAGRATGARY
14,21,16,4,3,0.9282369487581184,0.9740562080272764,0.9282369487581184,48,TGATYMTGGCTCAGRAYGAAC | TGATCSTGGCTCAGRATGARY | TGATMYTGGCTCAGSATGAMC
14,21,16,4,4,0.9323899598648527,0.984096098500114,0.9323899598648527,60,TGATYMTGGCTCAGRAYGAAC | TGATCSTGGCTCAGRATGARY | TGATMYTGGCTCAGSATGAMC | TGATCHTGGCTCAGAWTSAAC
14,21,16,4,5,0.9366118700987087,0.9844695522750698,0.9366118700987087,76,TGATYMTGGCTCAGRAYGAAC | TGATCSTGGCTCAGRATGARY | TGATMYTGGCTCAGSATGAMC | TGATCHTGGCTCAGAWTSAAC | YGATCCTKGCTCAGGAKGAAS
14,21,16,4,6,0.9395516289664144,0.9847574048945287,0.9395516289664144,88,TGATYMTGGCTCAGRAYGAAC | TGATCSTGGCTCAGRATGARY | TGATMYTGGCTCAGSATGAMC | TGATCHTGGCTCAGAWTSAAC | YGATCCTKGCTCAGGAKGAAS | TDATCMTGGCTCRGGATGAAC
14,23,4,2,1,0.7628356464849749,0.7890506187124305,0.7628356464849749,4,TGATCMTGGCTCAGRATGAACGC
14,23,4,2,2,0.8416703524653038,0.9200230407254616,0.8416703524653038,8,TGATCMTGGCTCAGRATGAACGC | TGATCCTGGCTCAGAAYGAACGY
14,23,4,2,3,0.8633296995385095,0.9357049948138636,0.8633296995385095,12,TGATCMTGGCTCAGRATGAACGC | TGATCCTGGCTCAGAAYGAACGY | TGATYCTGGCTCAGGAYGAACGC
14,23,4,2,4,0.8684583031599482,0.9543420724679224,0.8684583031599482,16,TGATCMTGGCTCAGRATGAACGC | TGATCCTGGCTCAGAAYGAACGY | TGATYCTGGCTCAGGAYGAACGC | TGATCCTGGCTCAGGATGAAYGY
14,23,4,2,5,0.8745310703510819,0.9638631886066856,0.8745310703510819,20,TGATCMTGGCTCAGRATGAACGC | TGATCCTGGCTCAGAAYGAACGY | TGATYCTGGCTCAGGAYGAACGC | TGATCCTGGCTCAGGATGAAYGY | TGATCCTGGCTCAGAWTSAACGC
14,23,4,2,6,0.8888462015603128,0.9696475561452843,0.8888462015603128,24,TGATCMTGGCTCAGRATGAACGC | TGATCCTGGCTCAGAAYGAACGY | TGATYCTGGCTCAGGAYGAACGC | TGATCCTGGCTCAGGATGAAYGY | TGATCCTGGCTCAGAWTSAACGC | TGATYATGGCTCAGGAYGAACGC
14,23,8,3,1,0.8231329602810183,0.9139321097432358,0.8231329602810183,8,TGATCMTGGCTCAGRATGAACGY
14,23,8,3,2,0.8858424167676029,0.9558412946189808,0.8858424167676029,16,TGATCMTGGCTCAGRATGAACGY | TGATYMTGGCTCAGRACGAACGC
14,23,8,3,3,0.896431160516764,0.9624528143225387,0.896431160516764,24,TGATCMTGGCTCAGRATGAACGY | TGATYMTGGCTCAGRACGAACGC | TGATYCTGGCTCAGGATGAAYKC
14,23,8,3,4,0.9050636024870964,0.9729166152275162,0.9050636024870964,32,TGATCMTGGCTCAGRATGAACGY | TGATYMTGGCTCAGRACGAACGC | TGATYCTGGCTCAGGATGAAYKC | TGATYCTGGCTCAGAWTSAACGC
14,23,8,3,5,0.9139197747292188,0.9748838272330914,0.9139197747292188,38,TGATCMTGGCTCAGRATGAACGY | TGATYMTGGCTCAGRACGAACGC | TGATYCTGGCTCAGGATGAAYKC | TGATYCTGGCTCAGAWTSAACGC | TGATMBTGGCTCAGGATGAACGC
14,23,8,3,6,0.9176256193690092,0.975039445035768,0.9176256193690092,46,TGATCMTGGCTCAGRATGAACGY | TGATYMTGGCTCAGRACGAACGC | TGATYCTGGCTCAGGATGAAYKC | TGATYCTGGCTCAGAWTSAACGC | TGATMBTGGCTCAGGATGAACGC | TGATCCTGGCTCAGSRTGAASGC
14,23,16,4,1,0.8843522312847818,0.9567957339666471,0.8843522312847818,16,TGATCMTGGCTCAGRAYGAACGY
14,23,16,4,2,0.8999225398383425,0.9652966567744419,0.8999225398383425,32,TGATCMTGGCTCAGRAYGAACGY | TGATYMTGGCTCAGGATGAAYKC
14,23,16,4,3,0.9121913680272208,0.9768470687553629,0.9121913680272208,48,TGATCMTGGCTCAGRAYGAACGY | TGATYMTGGCTCAGGATGAAYKC | TGATCMTGGCTCAGMWTSAACGC
14,23,16,4,4,0.9225370415816792,0.9789698985636145,0.9225370415816792,60,TGATCMTGGCTCAGRAYGAACGY | TGATYMTGGCTCAGGATGAAYKC | TGATCMTGGCTCAGMWTSAACGC | TGATMBTGGCTCAGGATGAASGC
14,23,16,4,5,0.925765259081797,0.9811588457802576,0.925765259081797,76,TGATCMTGGCTCAGRAYGAACGY | TGATYMTGGCTCAGGATGAAYKC | TGATCMTGGCTCAGMWTSAACGC | TGATMBTGGCTCAGGATGAASGC | YGATCCTKGCTCRGGATGAACSC
14,23,16,4,6,0.9360374357397715,0.9814102283845814,0.9360374357397715,92,TGATCMTGGCTCAGRAYGAACGY | TGATYMTGGCTCAGGATGAAYKC | TGATCMTGGCTCAGMWTSAACGC | TGATMBTGGCTCAGGATGAASGC | YGATCCTKGCTCRGGATGAACSC | TGMTYCTGGCTCAGAATGAAYGY
