s,e,len_interior,acc,gain
300,504,205,0.9535514493982031,0.048030739673410316
300,508,209,0.9535514493982031,0.048030739673410316
300,512,213,0.9536927162795954,0.06215742781263689
300,516,217,0.9539469966661015,0.08758546646324694
300,520,221,0.9539469966661015,0.08758546646324694
300,524,225,0.9538622365372662,0.07910945357971766
300,528,229,0.9538622365372662,0.07910945357971766
300,532,233,0.9538622365372662,0.07910945357971766
300,536,237,0.9538622365372662,0.07910945357971766
304,504,201,0.9532971690116969,0.022602701022789162
304,508,205,0.9532971690116969,0.022602701022789162
304,512,209,0.9533536757642538,0.02825337627847535
304,516,213,0.95360795615076,0.053681414929096505
304,520,217,0.95360795615076,0.053681414929096505
304,524,221,0.9535231960219246,0.04520540204555612
304,528,225,0.9535231960219246,0.04520540204555612
304,532,229,0.9535231960219246,0.04520540204555612
304,536,233,0.9535231960219246,0.04520540204555612
308,504,197,0.953071142001469,0.0
308,508,201,0.953071142001469,0.0
308,512,205,0.9530428886251907,-0.002825337627831992
308,516,209,0.9532971690116969,0.022602701022789162
308,520,213,0.9532971690116969,0.022602701022789162
308,524,217,0.9532124088828615,0.014126688139248778
308,528,221,0.9532124088828615,0.014126688139248778
308,532,225,0.9532124088828615,0.014126688139248778
308,536,229,0.9531276487540261,0.005650675255708393
312,504,193,0.9531559021303044,0.008476012883540385
312,508,197,0.9532406622591398,0.01695202576708077
312,512,201,0.9532124088828615,0.014126688139248778
312,516,205,0.9533819291405323,0.031078713906329547
312,520,209,0.9533819291405323,0.031078713906329547
312,524,213,0.9532971690116969,0.022602701022789162
312,528,217,0.9532971690116969,0.022602701022789162
312,532,221,0.9532971690116969,0.022602701022789162
312,536,225,0.9532124088828615,0.014126688139248778
316,504,189,0.9531559021303044,0.008476012883540385
316,508,193,0.9532406622591398,0.01695202576708077
316,512,197,0.9532124088828615,0.014126688139248778
316,516,201,0.9533819291405323,0.031078713906329547
316,520,205,0.9533819291405323,0.031078713906329547
316,524,209,0.9532971690116969,0.022602701022789162
316,528,213,0.9532971690116969,0.022602701022789162
316,532,217,0.9532971690116969,0.022602701022789162
316,536,221,0.9532124088828615,0.014126688139248778
320,504,185,0.9531559021303044,0.008476012883540385
320,508,189,0.9532406622591398,0.01695202576708077
320,512,193,0.9532971690116969,0.022602701022789162
320,516,197,0.9534666892693677,0.03955472678986993
320,520,201,0.9534666892693677,0.03955472678986993
320,524,205,0.9533819291405323,0.031078713906329547
320,528,209,0.9533819291405323,0.031078713906329547
320,532,213,0.9533819291405323,0.031078713906329547
320,536,217,0.9532971690116969,0.022602701022789162
324,504,181,0.9531559021303044,0.008476012883540385
324,508,185,0.9532406622591398,0.01695202576708077
324,512,189,0.9532971690116969,0.022602701022789162
324,516,193,0.9535514493982031,0.048030739673410316
324,520,197,0.9535514493982031,0.048030739673410316
324,524,201,0.9535514493982031,0.048030739673410316
324,528,205,0.9535514493982031,0.048030739673410316
324,532,209,0.9535514493982031,0.048030739673410316
324,536,213,0.9534666892693677,0.03955472678986993
328,504,177,0.9531559021303044,0.008476012883540385
328,508,181,0.9532406622591398,0.01695202576708077
328,512,185,0.9532971690116969,0.022602701022789162
328,516,189,0.9535514493982031,0.048030739673410316
328,520,193,0.9535514493982031,0.048030739673410316
328,524,197,0.9535514493982031,0.048030739673410316
328,528,201,0.9535514493982031,0.048030739673410316
328,532,205,0.9535514493982031,0.048030739673410316
328,536,209,0.9534666892693677,0.03955472678986993
332,504,173,0.9531559021303044,0.008476012883540385
332,508,177,0.9532406622591398,0.01695202576708077
332,512,181,0.9532971690116969,0.022602701022789162
332,516,185,0.9535514493982031,0.048030739673410316
332,520,189,0.9535514493982031,0.048030739673410316
332,524,193,0.9535514493982031,0.048030739673410316
332,528,197,0.9535514493982031,0.048030739673410316
332,532,201,0.9535514493982031,0.048030739673410316
332,536,205,0.9534666892693677,0.03955472678986993
336,504,169,0.9529863818726336,-0.008476012883540385
336,508,173,0.953071142001469,0.0
336,512,177,0.9532124088828615,0.014126688139248778
336,516,181,0.9534666892693677,0.03955472678986993
336,520,185,0.9534666892693677,0.03955472678986993
336,524,189,0.9534666892693677,0.03955472678986993
336,528,193,0.9534666892693677,0.03955472678986993
336,532,197,0.9534666892693677,0.03955472678986993
336,536,201,0.9533819291405323,0.031078713906329547
340,504,165,0.9529863818726336,-0.008476012883540385
340,508,169,0.953071142001469,0.0
340,512,173,0.9532971690116969,0.022602701022789162
340,516,177,0.9535514493982031,0.048030739673410316
340,520,181,0.9535514493982031,0.048030739673410316
340,524,185,0.9535514493982031,0.048030739673410316
340,528,189,0.9535514493982031,0.048030739673410316
340,532,193,0.9535514493982031,0.048030739673410316
340,536,197,0.9534666892693677,0.03955472678986993
344,504,161,0.9529863818726336,-0.008476012883540385
344,508,165,0.953071142001469,0.0
344,512,169,0.9532971690116969,0.022602701022789162
344,516,173,0.9535514493982031,0.048030739673410316
344,520,177,0.9535514493982031,0.048030739673410316
344,524,181,0.9535514493982031,0.048030739673410316
344,528,185,0.9535514493982031,0.048030739673410316
344,532,189,0.9535514493982031,0.048030739673410316
344,536,193,0.9534666892693677,0.03955472678986993
348,504,157,0.9529016217437983,-0.016952025767069667
348,508,161,0.9529863818726336,-0.008476012883540385
348,512,165,0.9532124088828615,0.014126688139248778
348,516,169,0.9534666892693677,0.03955472678986993
348,520,173,0.9534666892693677,0.03955472678986993
348,524,177,0.9534666892693677,0.03955472678986993
348,528,181,0.9534666892693677,0.03955472678986993
348,532,185,0.9534666892693677,0.03955472678986993
348,536,189,0.9533819291405323,0.031078713906329547
352,504,153,0.9529016217437983,-0.016952025767069667
352,508,157,0.9529863818726336,-0.008476012883540385
352,512,161,0.9532124088828615,0.014126688139248778
352,516,165,0.9534666892693677,0.03955472678986993
352,520,169,0.9534666892693677,0.03955472678986993
352,524,173,0.9534666892693677,0.03955472678986993
352,528,177,0.9534666892693677,0.03955472678986993
352,532,181,0.9534666892693677,0.03955472678986993
352,536,185,0.9533819291405323,0.031078713906329547
356,504,149,0.953071142001469,0.0
356,508,153,0.9531559021303044,0.008476012883540385
356,512,157,0.9532971690116969,0.022602701022789162
356,516,161,0.9535514493982031,0.048030739673410316
356,520,165,0.9535514493982031,0.048030739673410316
356,524,169,0.9535514493982031,0.048030739673410316
356,528,173,0.9535514493982031,0.048030739673410316
356,532,177,0.9535514493982031,0.048030739673410316
356,536,181,0.9534666892693677,0.03955472678986993
357,504,148,0.953071142001469,0.0
357,508,152,0.9531559021303044,0.008476012883540385
357,512,156,0.9532971690116969,0.022602701022789162
357,516,160,0.9535514493982031,0.048030739673410316
357,520,164,0.9535514493982031,0.048030739673410316
357,524,168,0.9535514493982031,0.048030739673410316
357,528,172,0.9535514493982031,0.048030739673410316
357,532,176,0.9535514493982031,0.048030739673410316
357,536,180,0.9534666892693677,0.03955472678986993
