site,oligos,expansions,GG,SILVA,Tm
515F（SNAP V4_f，517–533，1 条）,1,1,"(0.984, 0.959)","(0.976, 0.918)",[67.1]
我们的 A3-F（556–576，2 条）,2,16,"(0.94, 0.784)","(0.952, 0.844)","[57.4, 56.5]"
907R 型 V5 反向（907–927，2 条）,2,12,"(0.978, 0.95)","(0.978, 0.946)","[58.1, 62.3]"
SNAP V5_r（907–926，1 条）,1,2,"(0.967, 0.938)","(0.974, 0.949)",[56.7]
我们的 A4-F（906–927，1 条）,1,4,"(0.966, 0.941)","(0.971, 0.94)",[60.5]
967F 型 SNAP V6_f（6 条）,6,14,"(0.853, 0.356)","(0.902, 0.622)","[60.2, 60.3, 58.4, 58.9, 63.1, 59.3]"
我们的 967 版 A4-F（2 条）,2,16,"(0.927, 0.632)","(0.939, 0.843)","[60.2, 57.2]"
我们的 A3-R（785–804，1 条）,1,4,"(0.961, 0.921)","(0.925, 0.777)",[58.9]
SNAP V4_r（785–803，1 条）,1,1,"(0.732, 0.053)","(0.784, 0.06)",[54.1]
