start,end,genus_acc,se,entropy
60,309,0.7835233088303714,0.0064650908644004,238.83216065969572
110,359,0.7908429594970026,0.0063500953994353,207.63007111263457
160,409,0.7898754691231662,0.0063442455210488,192.56537712839088
210,459,0.8248251450017059,0.0059056517577516,181.37685879226743
260,509,0.8204239167519618,0.0059711525477948,179.42386713157623
310,559,0.796006360579032,0.0062480827159453,168.3149418356554
360,609,0.8415003411804844,0.0057002873837853,184.46034483371238
410,659,0.873068065506653,0.0052259473772851,204.70956449176245
460,709,0.903949164107813,0.0045967118451325,194.84986187601172
510,759,0.901270897304674,0.0046036205043104,183.98299514722817
560,809,0.9003241214602523,0.0046643614211677,182.3891410510632
610,859,0.89502871602411,0.0047687863622112,201.92410676854692
660,909,0.8642897759581485,0.0053063088666979,178.94117285348818
710,959,0.8418372943190455,0.0056298668875298,156.27959289725624
760,1009,0.8210398611062408,0.005942197794003,153.72194366259222
810,1059,0.8160568065506654,0.0060729523768118,183.37883292854494
860,1109,0.7613245519975305,0.0066135508514196,142.21733268693586
910,1159,0.7704196519959058,0.0065455876112028,158.9217190849564
960,1209,0.7816743432275675,0.0064468023496649,171.302017509066
1010,1259,0.8081158307744797,0.0061203251521877,165.04879062078572
1060,1309,0.8020364210167179,0.0061451912791586,159.00941754457114
1110,1359,0.8130075059706584,0.0060365563772704,169.20959917215242
1160,1409,0.7995365691483007,0.0061152214787743,142.42633207903663
1210,1459,0.8025077781027116,0.0061228018665245,167.75659621913513
